,Closest_neigh,Index_o_CN
0,inf,0.0
1,3.8,0.0
2,2.6,0.0
3,3.5,0.0
4,3.9,0.0
5,3.0,0.0
6,2.0,0.0
7,3.3,0.0
8,2.8,0.0
9,5.2,0.0
10,3.9,0.0
11,4.3,0.0
12,4.0,0.0
13,2.9,0.0
14,2.8,0.0
15,3.5,0.0
16,2.6,0.0
17,4.0,0.0
18,-0.2,0.0
19,-1.3,0.0
20,0.9,0.0
21,2.5,0.0
22,2.2,0.0
23,1.0,0.0
24,1.6,0.0
25,4.2,0.0
26,2.8,0.0
27,2.9,0.0
28,2.4,0.0
29,1.7,0.0
30,2.6,0.0
31,0.6,0.0
32,2.2,0.0
33,3.1,0.0
34,3.3,0.0
35,2.0,0.0
36,2.8,0.0
37,2.5,0.0
38,4.0,0.0
39,4.0,0.0
40,3.8,0.0
41,3.6,0.0
42,4.4,0.0
43,2.2,0.0
44,3.2,0.0
45,3.1,0.0
46,2.5,0.0
47,3.0,0.0
48,2.0,0.0
49,3.8,0.0
50,1.8,0.0
51,3.8,0.0
52,1.1,0.0
53,4.2,0.0
54,2.3,0.0
55,3.5,0.0
56,3.9,0.0
57,2.5,0.0
58,2.8,0.0
59,3.1,0.0
60,3.2,0.0
61,3.6,0.0
62,3.6,0.0
63,3.6,0.0
64,3.3,0.0
65,1.4,0.0
66,2.2,0.0
67,3.0,0.0
68,-1.1,0.0
69,-2.6,0.0
70,2.4,0.0
71,3.7,0.0
72,3.3,0.0
73,1.6,0.0
74,4.5,0.0
75,3.5,0.0
76,2.7,0.0
77,2.4,0.0
78,4.1,0.0
79,3.4,0.0
80,3.8,0.0
81,3.6,0.0
82,3.3,0.0
83,3.4,0.0
84,0.7,0.0
85,3.0,0.0
86,0.2,0.0
87,2.2,0.0
88,3.3,0.0
89,-0.3,0.0
90,2.5,0.0
91,1.6,0.0
92,-1.3,0.0
93,2.7,0.0
94,4.3,0.0
95,2.0,0.0
96,2.2,0.0
97,2.9,0.0
98,1.6,0.0
99,2.6,0.0
100,2.2,0.0
101,3.3,0.0
102,1.8,0.0
103,2.6,0.0
104,0.9,0.0
105,3.6,0.0
106,2.1,0.0
107,1.0,0.0
108,3.9,0.0
109,2.1,0.0
110,3.8,0.0
111,3.6,0.0
112,3.7,0.0
113,2.3,0.0
114,-0.1,0.0
115,2.7,0.0
116,2.4,0.0
117,2.7,0.0
118,2.3,0.0
119,2.8,0.0
120,2.3,0.0
121,1.2,0.0
122,2.0,0.0
123,1.6,0.0
124,1.8,0.0
125,3.0,0.0
126,3.5,0.0
127,3.0,0.0
128,-1.6,0.0
129,2.6,0.0
130,2.1,0.0
131,2.4,0.0
132,3.4,0.0
133,3.3,0.0
134,2.2,0.0
135,0.8,0.0
136,3.3,0.0
137,2.7,0.0
138,3.6,0.0
139,3.1,0.0
140,3.3,0.0
141,2.7,0.0
142,3.0,0.0
143,3.2,0.0
144,3.2,0.0
145,1.6,0.0
146,2.4,0.0
147,2.0,0.0
148,2.7,0.0
149,2.0,0.0
150,2.0,0.0
151,4.0,0.0
152,2.6,0.0
153,3.3,0.0
154,-1.6,0.0
155,-2.1,0.0
156,-1.1,0.0
157,-1.1,0.0
158,-1.3,0.0
159,-0.3,0.0
160,0.4,0.0
161,4.5,0.0
162,3.0,0.0
163,2.2,0.0
164,2.5,0.0
165,2.5,0.0
166,2.7,0.0
167,2.3,0.0
168,3.0,0.0
169,3.4,0.0
170,3.9,0.0
171,3.2,0.0
172,3.8,0.0
173,3.5,0.0
174,2.8,0.0
175,3.3,0.0
176,3.2,0.0
177,3.4,0.0
178,3.0,0.0
179,3.1,0.0
180,0.9,0.0
181,3.3,0.0
182,3.5,0.0
183,3.6,0.0
184,2.3,0.0
185,2.9,0.0
186,2.4,0.0
187,2.5,0.0
188,3.1,0.0
189,3.0,0.0
190,3.3,0.0
191,2.7,0.0
192,2.6,0.0
193,4.2,0.0
194,3.0,0.0
195,3.1,0.0
196,2.6,0.0
197,2.2,0.0
198,2.3,0.0
199,2.6,0.0
200,2.8,0.0
201,3.0,0.0
202,2.1,0.0
203,2.3,0.0
204,3.1,0.0
205,3.3,0.0
206,2.8,0.0
207,3.4,0.0
208,3.3,0.0
209,4.2,0.0
210,1.7,0.0
211,2.0,0.0
212,3.0,0.0
213,2.4,0.0
214,3.2,0.0
215,2.6,0.0
216,2.9,0.0
217,3.2,0.0
218,3.3,0.0
219,1.5,0.0
220,0.6,0.0
221,3.7,0.0
222,1.4,0.0
223,2.6,0.0
224,2.8,0.0
225,3.5,0.0
226,2.6,0.0
227,3.7,0.0
228,2.0,0.0
229,3.8,0.0
230,2.9,0.0
231,2.6,0.0
232,1.7,0.0
233,3.1,0.0
234,0.9,0.0
235,-2.0,0.0
236,2.4,0.0
237,1.4,0.0
238,1.0,0.0
239,3.2,0.0
240,3.2,0.0
241,2.6,0.0
242,4.7,0.0
243,3.8,0.0
244,3.3,0.0
245,3.2,0.0
246,3.2,0.0
247,2.1,0.0
248,3.2,0.0
249,3.2,0.0
250,3.2,0.0
251,3.1,0.0
252,3.5,0.0
253,3.5,0.0
254,3.5,0.0
255,3.3,0.0
256,3.4,0.0
257,3.6,0.0
258,3.3,0.0
259,-1.2,0.0
260,-3.1,0.0
261,1.7,0.0
262,2.8,0.0
263,2.7,0.0
264,2.8,0.0
265,2.0,0.0
266,3.0,0.0
267,2.8,0.0
268,2.1,0.0
269,1.7,0.0
270,2.7,0.0
271,-2.9,0.0
272,-1.3,0.0
273,3.3,0.0
274,2.5,0.0
275,2.6,0.0
276,3.9,0.0
277,3.1,0.0
278,3.5,0.0
279,2.9,0.0
280,2.0,0.0
281,2.7,0.0
282,2.7,0.0
283,2.7,0.0
284,-1.2,0.0
285,2.1,0.0
286,1.9,0.0
287,2.3,0.0
288,1.8,0.0
289,2.7,0.0
290,2.9,0.0
291,2.5,0.0
292,3.4,0.0
293,2.8,0.0
294,1.7,0.0
295,2.8,0.0
296,2.7,0.0
297,1.8,0.0
298,-0.3,0.0
299,3.4,0.0
300,3.3,0.0
301,-1.1,0.0
302,3.4,0.0
303,2.2,0.0
304,2.3,0.0
305,3.3,0.0
306,2.4,0.0
307,2.7,0.0
308,2.2,0.0
309,2.8,0.0
310,1.7,0.0
311,3.0,0.0
312,2.5,0.0
313,2.7,0.0
314,3.0,0.0
315,1.2,0.0
316,2.6,0.0
317,3.5,0.0
318,2.8,0.0
319,2.5,0.0
320,2.7,0.0
321,3.2,0.0
322,3.2,0.0
323,2.3,0.0
324,2.8,0.0
325,3.6,0.0
326,2.4,0.0
327,3.9,0.0
328,4.0,0.0
329,2.9,0.0
330,-0.8,0.0
331,3.4,0.0
332,2.6,0.0
333,1.6,0.0
334,2.9,0.0
335,-1.2,0.0
336,1.9,0.0
337,2.7,0.0
338,-1.8,0.0
339,2.2,0.0
340,3.0,0.0
341,3.4,0.0
342,2.1,0.0
343,1.8,0.0
344,3.3,0.0
345,3.1,0.0
346,1.4,0.0
347,4.1,0.0
348,3.3,0.0
349,1.6,0.0
350,3.2,0.0
351,1.1,0.0
352,1.8,0.0
353,3.5,0.0
354,2.9,0.0
355,2.6,0.0
356,2.3,0.0
357,-1.0,0.0
358,2.6,0.0
359,3.8,0.0
360,2.2,0.0
361,3.5,0.0
362,2.6,0.0
363,2.6,0.0
364,3.0,0.0
365,2.9,0.0
366,0.3,0.0
367,3.9,0.0
368,3.2,0.0
369,2.5,0.0
370,-1.5,0.0
371,1.2,0.0
372,1.2,0.0
373,3.1,0.0
374,2.9,0.0
375,2.8,0.0
376,1.9,0.0
377,1.2,0.0
378,2.9,0.0
379,3.3,0.0
380,-0.2,0.0
381,1.6,0.0
382,2.9,0.0
383,2.8,0.0
384,2.4,0.0
385,3.4,0.0
386,2.8,0.0
387,-0.4,0.0
388,2.2,0.0
389,3.1,0.0
390,1.6,0.0
391,0.6,0.0
392,1.3,0.0
393,1.9,0.0
394,3.3,0.0
395,2.8,0.0
396,2.7,0.0
397,1.1,0.0
398,3.5,0.0
399,2.8,0.0
400,3.4,0.0
401,2.5,0.0
402,3.2,0.0
403,3.0,0.0
404,2.5,0.0
405,1.9,0.0
406,2.9,0.0
407,3.1,0.0
408,2.3,0.0
409,1.8,0.0
410,2.8,0.0
411,3.4,0.0
412,3.1,0.0
413,3.3,0.0
414,3.4,0.0
415,-0.6,0.0
416,2.8,0.0
417,0.7,0.0
418,2.1,0.0
419,1.9,0.0
420,-1.2,0.0
421,3.1,0.0
422,3.9,0.0
423,3.8,0.0
424,3.1,0.0
425,3.0,0.0
426,2.1,0.0
427,2.8,0.0
428,2.7,0.0
429,3.8,0.0
430,2.4,0.0
431,3.3,0.0
432,2.3,0.0
433,3.4,0.0
434,3.0,0.0
435,1.9,0.0
436,-1.9,0.0
437,2.4,0.0
438,2.5,0.0
439,4.6,0.0
440,0.9,0.0
441,2.5,0.0
442,2.9,0.0
443,2.1,0.0
444,3.0,0.0
445,3.3,0.0
446,1.6,0.0
447,2.3,0.0
448,2.2,0.0
449,4.7,0.0
450,3.1,0.0
451,2.0,0.0
452,2.4,0.0
453,3.2,0.0
454,2.7,0.0
455,3.5,0.0
456,3.7,0.0
457,2.4,0.0
458,2.4,0.0
459,3.2,0.0
460,2.3,0.0
461,3.3,0.0
462,2.7,0.0
463,2.9,0.0
464,2.1,0.0
465,3.2,0.0
466,3.6,0.0
467,2.7,0.0
468,2.0,0.0
469,1.8,0.0
470,-1.0,0.0
471,3.0,0.0
472,2.6,0.0
473,2.7,0.0
474,0.8,0.0
475,2.4,0.0
476,3.2,0.0
477,3.1,0.0
478,2.8,0.0
479,3.2,0.0
480,3.3,0.0
481,2.8,0.0
482,1.3,0.0
483,-2.4,0.0
484,3.1,0.0
485,3.4,0.0
486,2.8,0.0
487,3.4,0.0
488,3.4,0.0
489,3.7,0.0
490,3.1,0.0
491,2.3,0.0
492,2.3,0.0
493,3.2,0.0
494,3.1,0.0
495,-0.6,0.0
496,2.4,0.0
497,2.0,0.0
498,2.8,0.0
499,3.1,0.0
500,3.3,0.0
501,2.3,0.0
502,1.4,0.0
503,3.6,0.0
504,3.2,0.0
505,3.8,0.0
506,3.9,0.0
507,2.9,0.0
508,2.6,0.0
509,2.9,0.0
510,1.9,0.0
511,0.6,0.0
512,3.4,0.0
513,2.8,0.0
514,2.7,0.0
515,2.2,0.0
516,3.6,0.0
517,3.9,0.0
518,2.7,0.0
519,2.9,0.0
520,3.2,0.0
521,3.2,0.0
522,3.4,0.0
523,3.4,0.0
524,1.7,0.0
525,3.3,0.0
526,4.1,0.0
527,3.3,0.0
528,3.3,0.0
529,3.0,0.0
530,3.0,0.0
531,-3.0,0.0
532,-1.2,0.0
533,1.8,0.0
534,2.8,0.0
535,3.3,0.0
536,2.8,0.0
537,3.2,0.0
538,3.3,0.0
539,3.7,0.0
540,3.3,0.0
541,2.3,0.0
542,3.4,0.0
543,2.3,0.0
544,3.5,0.0
545,1.5,0.0
546,3.5,0.0
547,4.1,0.0
548,3.7,0.0
549,1.9,0.0
550,3.6,0.0
551,2.7,0.0
552,3.6,0.0
553,3.0,0.0
554,2.1,0.0
555,3.2,0.0
556,2.7,0.0
557,3.7,0.0
558,2.0,0.0
559,-1.5,0.0
560,0.1,0.0
561,1.0,0.0
562,2.7,0.0
563,3.0,0.0
564,3.6,0.0
565,1.9,0.0
566,2.9,0.0
567,1.1,0.0
568,2.2,0.0
569,2.4,0.0
570,4.1,0.0
571,2.6,0.0
572,3.1,0.0
573,3.4,0.0
574,3.6,0.0
575,3.5,0.0
576,3.4,0.0
577,3.4,0.0
578,3.4,0.0
579,3.0,0.0
580,2.9,0.0
581,3.4,0.0
582,4.0,0.0
583,2.9,0.0
584,2.9,0.0
585,1.9,0.0
586,3.0,0.0
587,2.5,0.0
588,3.4,0.0
589,3.7,0.0
590,3.3,0.0
591,2.4,0.0
592,1.4,0.0
593,3.8,0.0
594,3.7,0.0
595,3.1,0.0
596,2.7,0.0
597,3.3,0.0
598,3.7,0.0
599,3.4,0.0
600,2.6,0.0
601,3.1,0.0
602,2.2,0.0
603,3.2,0.0
604,3.2,0.0
605,1.0,0.0
606,0.7,0.0
607,2.8,0.0
608,3.0,0.0
609,3.1,0.0
610,3.3,0.0
611,3.2,0.0
612,3.6,0.0
613,2.6,0.0
614,1.9,0.0
615,2.1,0.0
616,2.2,0.0
617,3.5,0.0
618,3.9,0.0
619,3.4,0.0
620,2.8,0.0
621,2.5,0.0
622,3.4,0.0
623,3.5,0.0
624,3.7,0.0
625,2.8,0.0
626,3.5,0.0
627,2.9,0.0
628,2.9,0.0
629,4.7,0.0
630,2.9,0.0
631,2.8,0.0
632,2.0,0.0
633,2.4,0.0
634,2.9,0.0
635,1.1,0.0
636,2.4,0.0
637,0.7,0.0
638,2.8,0.0
639,2.5,0.0
640,-3.6,0.0
641,2.7,0.0
642,3.2,0.0
643,3.0,0.0
644,-0.4,0.0
645,2.7,0.0
646,3.3,0.0
647,4.1,0.0
648,0.7,0.0
649,1.9,0.0
650,3.3,0.0
651,3.1,0.0
652,1.9,0.0
653,2.9,0.0
654,3.1,0.0
655,3.4,0.0
656,3.2,0.0
657,3.1,0.0
658,3.0,0.0
659,1.4,0.0
660,3.3,0.0
661,2.4,0.0
662,3.3,0.0
663,2.7,0.0
664,-0.9,0.0
665,2.1,0.0
666,3.5,0.0
667,2.3,0.0
668,3.1,0.0
669,3.0,0.0
670,2.6,0.0
671,2.9,0.0
672,2.9,0.0
673,3.6,0.0
674,3.3,0.0
675,3.4,0.0
676,3.7,0.0
677,2.3,0.0
678,3.2,0.0
679,2.3,0.0
680,3.4,0.0
681,3.2,0.0
682,-0.6,0.0
683,3.5,0.0
684,3.5,0.0
685,2.7,0.0
686,1.9,0.0
687,-1.1,0.0
688,2.7,0.0
689,2.8,0.0
690,0.8,0.0
691,2.8,0.0
692,3.6,0.0
693,3.3,0.0
694,3.5,0.0
695,3.7,0.0
696,3.0,0.0
697,3.3,0.0
698,2.8,0.0
699,3.5,0.0
700,3.3,0.0
701,3.4,0.0
702,2.7,0.0
703,3.3,0.0
704,3.7,0.0
705,1.6,0.0
706,3.7,0.0
707,3.0,0.0
708,1.7,0.0
709,2.6,0.0
710,2.8,0.0
711,-1.8,0.0
712,2.0,0.0
713,4.8,0.0
714,3.4,0.0
715,-1.9,0.0
716,3.6,0.0
717,3.1,0.0
718,2.8,0.0
719,3.1,0.0
720,3.0,0.0
721,-1.8,0.0
722,-0.9,0.0
723,3.0,0.0
724,3.6,0.0
725,3.6,0.0
726,3.8,0.0
727,3.1,0.0
728,4.3,0.0
729,3.7,0.0
730,3.7,0.0
731,3.4,0.0
732,3.2,0.0
733,-1.3,0.0
734,-0.7,0.0
735,2.9,0.0
736,3.8,0.0
737,2.6,0.0
738,3.8,0.0
739,2.3,0.0
740,3.7,0.0
741,-1.9,0.0
742,1.3,0.0
743,2.8,0.0
744,3.0,0.0
745,4.3,0.0
746,4.8,0.0
747,3.0,0.0
748,-0.6,0.0
749,2.5,0.0
750,1.8,0.0
751,3.9,0.0
752,2.8,0.0
753,2.8,0.0
754,2.6,0.0
755,-1.0,0.0
756,-0.1,0.0
757,3.3,0.0
758,2.6,0.0
759,1.9,0.0
760,3.4,0.0
761,3.8,0.0
762,3.4,0.0
763,3.7,0.0
764,2.4,0.0
765,-0.5,0.0
766,2.0,0.0
767,4.0,0.0
768,2.6,0.0
769,3.5,0.0
770,3.3,0.0
771,3.9,0.0
772,3.1,0.0
773,1.3,0.0
774,3.5,0.0
775,3.7,0.0
776,3.7,0.0
777,3.3,0.0
778,3.1,0.0
779,3.7,0.0
780,3.1,0.0
781,3.1,0.0
782,5.3,0.0
783,3.2,0.0
784,3.5,0.0
785,3.4,0.0
786,3.0,0.0
787,3.7,0.0
788,3.2,0.0
789,1.5,0.0
790,1.3,0.0
791,2.2,0.0
792,2.4,0.0
793,3.9,0.0
794,2.8,0.0
795,3.1,0.0
796,3.0,0.0
797,3.4,0.0
798,3.7,0.0
799,3.0,0.0
800,3.5,0.0
801,1.2,0.0
802,2.8,0.0
803,3.0,0.0
804,3.6,0.0
805,3.4,0.0
806,3.1,0.0
807,3.5,0.0
808,4.3,0.0
809,4.7,0.0
810,3.3,0.0
811,3.0,0.0
812,2.5,0.0
813,3.0,0.0
814,3.2,0.0
815,2.8,0.0
816,3.8,0.0
817,1.7,0.0
818,3.4,0.0
819,0.1,0.0
820,3.4,0.0
821,2.6,0.0
822,3.4,0.0
823,-3.0,0.0
824,3.4,0.0
825,3.0,0.0
826,3.0,0.0
827,3.1,0.0
828,3.0,0.0
829,2.7,0.0
830,2.8,0.0
831,3.0,0.0
832,3.5,0.0
833,1.0,0.0
834,2.1,0.0
835,3.7,0.0
836,3.6,0.0
837,3.1,0.0
838,2.1,0.0
839,4.1,0.0
840,3.5,0.0
841,-3.0,0.0
842,2.8,0.0
843,2.9,0.0
844,3.2,0.0
845,3.5,0.0
846,3.2,0.0
847,4.4,0.0
848,3.2,0.0
849,-0.7,0.0
850,3.3,0.0
851,-1.5,0.0
852,3.7,0.0
853,2.7,0.0
854,3.7,0.0
855,3.3,0.0
856,3.3,0.0
857,3.4,0.0
858,3.2,0.0
859,4.3,0.0
860,4.1,0.0
861,4.2,0.0
862,-0.7,0.0
863,2.9,0.0
864,3.0,0.0
865,2.7,0.0
866,-0.9,0.0
867,3.0,0.0
868,2.7,0.0
869,2.9,0.0
870,-0.7,0.0
871,2.8,0.0
872,3.4,0.0
873,2.4,0.0
874,3.5,0.0
875,3.1,0.0
876,3.0,0.0
877,2.3,0.0
878,3.1,0.0
879,-1.0,0.0
880,2.6,0.0
881,2.4,0.0
882,3.1,0.0
883,3.2,0.0
884,-2.2,0.0
885,3.8,0.0
886,-1.7,0.0
887,3.4,0.0
888,3.2,0.0
889,2.4,0.0
890,3.5,0.0
891,3.1,0.0
892,3.0,0.0
893,2.9,0.0
894,3.6,0.0
895,3.8,0.0
896,3.3,0.0
897,2.1,0.0
898,3.1,0.0
899,1.5,0.0
900,2.9,0.0
901,4.0,0.0
902,3.1,0.0
903,2.9,0.0
904,2.5,0.0
905,3.2,0.0
906,2.9,0.0
907,2.9,0.0
908,3.3,0.0
909,2.9,0.0
910,3.6,0.0
911,2.6,0.0
912,3.1,0.0
913,2.4,0.0
914,3.9,0.0
915,3.3,0.0
916,3.1,0.0
917,3.6,0.0
918,2.4,0.0
919,2.5,0.0
920,0.9,0.0
921,3.5,0.0
922,3.3,0.0
923,2.6,0.0
924,2.6,0.0
925,3.0,0.0
926,-0.5,0.0
927,3.0,0.0
928,3.2,0.0
929,3.1,0.0
930,3.3,0.0
931,3.3,0.0
932,2.9,0.0
933,3.8,0.0
934,3.6,0.0
935,3.3,0.0
936,2.8,0.0
937,3.7,0.0
938,2.6,0.0
939,2.1,0.0
940,2.6,0.0
941,3.4,0.0
942,-1.0,0.0
943,3.4,0.0
944,3.0,0.0
945,2.5,0.0
946,2.5,0.0
947,5.4,0.0
948,3.3,0.0
949,2.6,0.0
950,3.0,0.0
951,2.6,0.0
952,-0.1,0.0
953,2.9,0.0
954,2.8,0.0
955,2.2,0.0
956,2.6,0.0
957,2.9,0.0
958,2.0,0.0
959,2.6,0.0
960,3.5,0.0
961,3.2,0.0
962,2.4,0.0
963,3.6,0.0
964,2.9,0.0
965,3.4,0.0
966,3.1,0.0
967,3.3,0.0
968,3.3,0.0
969,4.4,0.0
970,4.0,0.0
971,3.4,0.0
972,4.1,0.0
973,3.8,0.0
974,-1.8,0.0
975,-3.1,0.0
976,1.6,0.0
977,2.9,0.0
978,2.8,0.0
979,3.2,0.0
980,3.6,0.0
981,3.5,0.0
982,2.5,0.0
983,3.4,0.0
984,3.4,0.0
985,-1.4,0.0
986,-1.4,0.0
987,0.1,0.0
988,-0.7,0.0
989,3.7,0.0
990,2.5,0.0
991,3.1,0.0
992,3.4,0.0
993,3.3,0.0
994,3.1,0.0
995,3.8,0.0
996,2.9,0.0
997,2.6,0.0
998,-1.2,0.0
999,-1.0,0.0
1000,-0.3,0.0
1001,0.0,0.0
1002,-0.2,0.0
1003,0.6,0.0
1004,2.3,0.0
1005,1.9,0.0
1006,2.9,0.0
1007,3.2,0.0
1008,2.3,0.0
1009,3.4,0.0
1010,3.0,0.0
1011,-0.8,0.0
1012,3.1,0.0
1013,3.3,0.0
1014,3.1,0.0
1015,2.8,0.0
1016,-1.7,0.0
1017,3.6,0.0
1018,1.9,0.0
1019,3.3,0.0
1020,3.0,0.0
1021,3.6,0.0
1022,3.0,0.0
1023,-0.1,0.0
1024,1.9,0.0
1025,3.3,0.0
1026,2.6,0.0
1027,3.5,0.0
1028,3.2,0.0
1029,3.1,0.0
1030,3.1,0.0
1031,3.1,0.0
1032,3.2,0.0
1033,4.0,0.0
1034,2.9,0.0
1035,3.2,0.0
1036,2.0,0.0
1037,-0.1,0.0
1038,2.7,0.0
1039,3.1,0.0
1040,3.1,0.0
1041,4.1,0.0
1042,3.7,0.0
1043,3.1,0.0
1044,2.6,0.0
1045,3.3,0.0
1046,4.0,0.0
1047,2.6,0.0
1048,3.1,0.0
1049,3.2,0.0
1050,2.8,0.0
1051,3.9,0.0
1052,3.4,0.0
1053,3.2,0.0
1054,3.0,0.0
1055,-2.6,0.0
1056,4.3,0.0
1057,2.6,0.0
1058,3.1,0.0
1059,2.2,0.0
1060,3.1,0.0
1061,2.9,0.0
1062,3.2,0.0
1063,-1.6,0.0
1064,4.0,0.0
1065,3.5,0.0
1066,3.4,0.0
1067,3.3,0.0
1068,2.0,0.0
1069,-3.2,0.0
1070,2.9,0.0
1071,3.0,0.0
1072,3.0,0.0
1073,3.3,0.0
1074,3.5,0.0
1075,3.2,0.0
1076,3.5,0.0
1077,2.4,0.0
1078,-2.0,0.0
1079,-1.0,0.0
1080,-0.6,0.0
1081,-0.2,0.0
1082,-2.5,0.0
1083,1.9,0.0
1084,2.8,0.0
1085,3.3,0.0
1086,3.4,0.0
1087,2.1,0.0
1088,3.4,0.0
1089,3.2,0.0
1090,4.1,0.0
1091,0.2,0.0
1092,2.6,0.0
1093,3.4,0.0
1094,3.2,0.0
1095,2.7,0.0
1096,3.5,0.0
1097,2.5,0.0
1098,2.8,0.0
1099,-0.8,0.0
1100,2.8,0.0
1101,3.9,0.0
1102,3.1,0.0
1103,3.2,0.0
1104,3.3,0.0
1105,2.7,0.0
1106,1.8,0.0
1107,3.2,0.0
1108,4.0,0.0
1109,3.6,0.0
1110,3.0,0.0
1111,3.6,0.0
1112,2.6,0.0
1113,-0.1,0.0
1114,4.0,0.0
1115,3.5,0.0
1116,3.2,0.0
1117,2.8,0.0
1118,4.3,0.0
1119,2.2,0.0
1120,3.9,0.0
1121,3.4,0.0
1122,3.5,0.0
1123,3.2,0.0
1124,2.6,0.0
1125,3.4,0.0
1126,3.2,0.0
1127,1.6,0.0
1128,-1.4,0.0
1129,2.4,0.0
1130,3.2,0.0
1131,3.2,0.0
1132,1.8,0.0
1133,3.2,0.0
1134,2.7,0.0
1135,2.3,0.0
1136,2.7,0.0
1137,-1.4,0.0
1138,0.7,0.0
1139,2.6,0.0
1140,3.2,0.0
1141,2.9,0.0
1142,3.4,0.0
1143,3.4,0.0
1144,2.2,0.0
1145,-2.8,0.0
1146,2.5,0.0
1147,3.0,0.0
1148,2.8,0.0
1149,2.8,0.0
1150,3.4,0.0
1151,3.4,0.0
1152,3.0,0.0
1153,2.8,0.0
1154,3.0,0.0
1155,3.1,0.0
1156,2.5,0.0
1157,2.6,0.0
1158,3.1,0.0
1159,3.7,0.0
1160,4.5,0.0
1161,3.3,0.0
1162,3.0,0.0
1163,2.8,0.0
1164,4.1,0.0
1165,2.5,0.0
1166,2.9,0.0
1167,1.6,0.0
1168,2.1,0.0
1169,3.1,0.0
1170,3.0,0.0
1171,3.8,0.0
1172,2.3,0.0
1173,3.0,0.0
1174,2.6,0.0
1175,3.1,0.0
1176,3.6,0.0
1177,2.8,0.0
1178,3.3,0.0
1179,3.8,0.0
1180,-1.6,0.0
1181,2.9,0.0
1182,2.9,0.0
1183,3.6,0.0
1184,2.3,0.0
1185,4.5,0.0
1186,2.1,0.0
1187,4.1,0.0
1188,3.0,0.0
1189,2.6,0.0
1190,4.1,0.0
1191,2.6,0.0
1192,2.7,0.0
1193,3.1,0.0
1194,4.0,0.0
1195,-2.0,0.0
1196,3.6,0.0
1197,3.6,0.0
1198,-2.2,0.0
1199,3.4,0.0
1200,1.9,0.0
1201,-1.7,0.0
1202,3.5,0.0
1203,3.0,0.0
1204,3.7,0.0
1205,3.1,0.0
1206,3.7,0.0
1207,3.5,0.0
1208,3.4,0.0
1209,3.2,0.0
1210,3.2,0.0
1211,2.3,0.0
1212,3.5,0.0
1213,-1.5,0.0
1214,3.4,0.0
1215,3.1,0.0
1216,2.3,0.0
1217,3.0,0.0
1218,3.3,0.0
1219,3.4,0.0
1220,3.3,0.0
1221,2.7,0.0
1222,0.4,0.0
1223,2.3,0.0
1224,2.9,0.0
1225,1.8,0.0
1226,3.1,0.0
1227,2.8,0.0
1228,3.2,0.0
1229,4.0,0.0
1230,2.8,0.0
1231,-1.7,0.0
1232,3.2,0.0
1233,2.3,0.0
1234,3.7,0.0
1235,2.6,0.0
1236,3.1,0.0
1237,3.9,0.0
1238,3.0,0.0
1239,2.7,0.0
1240,-0.3,0.0
1241,3.1,0.0
1242,3.5,0.0
1243,2.8,0.0
1244,3.5,0.0
1245,3.9,0.0
1246,3.6,0.0
1247,3.4,0.0
1248,3.0,0.0
1249,3.2,0.0
1250,3.1,0.0
1251,3.7,0.0
1252,3.5,0.0
1253,3.4,0.0
1254,3.0,0.0
1255,4.2,0.0
1256,3.5,0.0
1257,2.8,0.0
1258,2.9,0.0
1259,3.6,0.0
1260,2.9,0.0
1261,-1.0,0.0
1262,-2.3,0.0
1263,2.5,0.0
1264,0.3,0.0
1265,2.9,0.0
1266,3.6,0.0
1267,4.0,0.0
1268,3.2,0.0
1269,3.5,0.0
1270,3.2,0.0
1271,3.4,0.0
1272,2.7,0.0
1273,2.8,0.0
1274,2.7,0.0
1275,3.5,0.0
1276,3.1,0.0
1277,2.7,0.0
1278,2.7,0.0
1279,2.6,0.0
1280,3.2,0.0
1281,2.4,0.0
1282,3.5,0.0
1283,3.5,0.0
1284,3.7,0.0
1285,3.4,0.0
1286,3.3,0.0
1287,3.0,0.0
1288,3.4,0.0
1289,2.9,0.0
1290,2.1,0.0
1291,3.4,0.0
1292,-1.7,0.0
1293,1.9,0.0
1294,1.9,0.0
1295,2.7,0.0
1296,2.4,0.0
1297,-1.0,0.0
1298,2.8,0.0
1299,3.3,0.0
1300,3.4,0.0
1301,3.4,0.0
1302,2.6,0.0
1303,3.7,0.0
1304,2.7,0.0
1305,-0.4,0.0
1306,2.4,0.0
1307,3.0,0.0
1308,3.0,0.0
1309,3.6,0.0
1310,-0.6,0.0
1311,3.6,0.0
1312,3.1,0.0
1313,2.9,0.0
1314,3.4,0.0
1315,-0.6,0.0
1316,2.7,0.0
1317,3.8,0.0
1318,3.3,0.0
1319,3.4,0.0
1320,3.0,0.0
1321,3.7,0.0
1322,3.5,0.0
1323,3.1,0.0
1324,1.9,0.0
1325,3.1,0.0
1326,3.7,0.0
1327,2.8,0.0
1328,3.6,0.0
1329,3.1,0.0
1330,3.4,0.0
1331,-2.5,0.0
1332,2.8,0.0
1333,2.4,0.0
1334,2.2,0.0
1335,3.0,0.0
1336,3.7,0.0
1337,3.3,0.0
1338,2.2,0.0
1339,3.2,0.0
1340,-2.8,0.0
1341,1.9,0.0
1342,-3.9,0.0
1343,4.5,0.0
1344,1.6,0.0
1345,2.3,0.0
1346,3.7,0.0
1347,2.7,0.0
1348,3.6,0.0
1349,3.5,0.0
1350,2.2,0.0
1351,2.7,0.0
1352,-1.0,0.0
1353,3.5,0.0
1354,2.4,0.0
1355,3.1,0.0
1356,-1.8,0.0
1357,3.9,0.0
1358,3.2,0.0
1359,2.8,0.0
1360,2.3,0.0
1361,2.9,0.0
1362,3.2,0.0
1363,2.2,0.0
1364,3.1,0.0
1365,3.2,0.0
1366,3.2,0.0
1367,-0.8,0.0
1368,2.6,0.0
1369,3.1,0.0
1370,2.8,0.0
1371,2.8,0.0
1372,3.2,0.0
1373,3.5,0.0
1374,3.7,0.0
1375,4.6,0.0
1376,3.0,0.0
1377,3.5,0.0
1378,3.1,0.0
1379,2.7,0.0
1380,3.2,0.0
1381,3.6,0.0
1382,2.6,0.0
1383,3.7,0.0
1384,2.7,0.0
1385,2.8,0.0
1386,0.9,0.0
1387,1.3,0.0
1388,-0.6,0.0
1389,3.8,0.0
1390,2.1,0.0
1391,3.0,0.0
1392,3.4,0.0
1393,2.8,0.0
1394,-0.3,0.0
1395,1.9,0.0
1396,3.1,0.0
1397,3.4,0.0
1398,3.1,0.0
1399,3.3,0.0
1400,3.8,0.0
1401,2.9,0.0
1402,3.2,0.0
1403,-0.9,0.0
1404,3.1,0.0
1405,3.2,0.0
1406,2.9,0.0
1407,3.6,0.0
1408,2.7,0.0
1409,3.0,0.0
1410,2.9,0.0
1411,3.4,0.0
1412,3.1,0.0
1413,3.4,0.0
1414,2.6,0.0
1415,3.4,0.0
1416,2.4,0.0
1417,3.0,0.0
1418,3.3,0.0
1419,3.4,0.0
1420,3.3,0.0
1421,3.8,0.0
1422,2.4,0.0
1423,4.2,0.0
1424,2.1,0.0
1425,3.4,0.0
1426,2.5,0.0
1427,2.7,0.0
1428,2.5,0.0
1429,3.0,0.0
1430,1.5,0.0
1431,2.5,0.0
1432,2.3,0.0
1433,2.8,0.0
1434,-0.9,0.0
1435,2.7,0.0
1436,3.0,0.0
1437,3.1,0.0
1438,3.2,0.0
1439,2.9,0.0
1440,1.4,0.0
1441,2.8,0.0
1442,3.4,0.0
1443,2.7,0.0
1444,3.1,0.0
1445,2.0,0.0
1446,1.9,0.0
1447,2.2,0.0
1448,2.3,0.0
1449,-1.5,0.0
1450,-1.5,0.0
1451,-1.5,0.0
1452,1.7,0.0
1453,2.7,0.0
1454,3.3,0.0
1455,2.9,0.0
1456,2.6,0.0
1457,2.7,0.0
1458,2.8,0.0
1459,2.7,0.0
1460,3.0,0.0
1461,2.9,0.0
1462,3.2,0.0
1463,3.2,0.0
1464,4.1,0.0
1465,2.9,0.0
1466,2.2,0.0
1467,2.9,0.0
1468,2.3,0.0
1469,4.2,0.0
1470,3.6,0.0
1471,3.6,0.0
1472,2.9,0.0
1473,2.9,0.0
1474,2.2,0.0
1475,2.8,0.0
1476,3.1,0.0
1477,3.0,0.0
1478,3.4,0.0
1479,2.6,0.0
1480,3.3,0.0
1481,2.7,0.0
1482,2.5,0.0
1483,2.4,0.0
1484,3.1,0.0
1485,2.8,0.0
1486,2.0,0.0
1487,1.5,0.0
1488,3.5,0.0
1489,0.9,0.0
1490,2.3,0.0
1491,3.6,0.0
1492,1.5,0.0
1493,3.7,0.0
1494,1.8,0.0
1495,3.4,0.0
1496,3.3,0.0
1497,3.6,0.0
1498,1.8,0.0
1499,2.0,0.0
1500,2.8,0.0
1501,3.0,0.0
1502,-2.4,0.0
1503,3.6,0.0
1504,3.4,0.0
1505,2.6,0.0
1506,2.9,0.0
1507,0.6,0.0
1508,3.2,0.0
1509,3.1,0.0
1510,3.5,0.0
1511,2.7,0.0
1512,-3.6,0.0
1513,3.6,0.0
1514,3.3,0.0
1515,2.5,0.0
1516,1.1,0.0
1517,2.4,0.0
1518,3.6,0.0
1519,3.4,0.0
1520,-3.2,0.0
1521,3.5,0.0
1522,2.4,0.0
1523,1.6,0.0
1524,2.9,0.0
1525,1.9,0.0
1526,2.5,0.0
1527,2.3,0.0
1528,2.6,0.0
1529,2.2,0.0
1530,2.9,0.0
1531,0.4,0.0
1532,3.4,0.0
1533,3.7,0.0
1534,2.8,0.0
1535,1.8,0.0
1536,3.8,0.0
1537,3.5,0.0
1538,3.1,0.0
1539,-2.4,0.0
1540,3.8,0.0
1541,2.4,0.0
1542,3.8,0.0
1543,3.5,0.0
1544,3.2,0.0
1545,3.1,0.0
1546,2.9,0.0
1547,3.4,0.0
1548,-1.1,0.0
1549,2.2,0.0
1550,3.3,0.0
1551,3.1,0.0
1552,2.2,0.0
1553,1.9,0.0
1554,3.0,0.0
1555,3.3,0.0
1556,3.1,0.0
1557,2.8,0.0
1558,3.2,0.0
1559,2.7,0.0
1560,2.1,0.0
1561,1.3,0.0
1562,2.1,0.0
1563,1.6,0.0
1564,3.1,0.0
1565,2.5,0.0
1566,1.5,0.0
1567,2.7,0.0
1568,3.6,0.0
1569,3.2,0.0
1570,3.5,0.0
1571,3.2,0.0
1572,3.0,0.0
1573,3.4,0.0
1574,2.9,0.0
1575,2.7,0.0
1576,2.0,0.0
1577,0.9,0.0
1578,2.9,0.0
1579,0.4,0.0
1580,2.8,0.0
1581,2.7,0.0
1582,2.2,0.0
1583,1.1,0.0
1584,2.6,0.0
1585,2.9,0.0
1586,3.0,0.0
1587,2.7,0.0
1588,4.2,0.0
1589,3.1,0.0
1590,3.3,0.0
1591,2.1,0.0
1592,3.0,0.0
1593,2.9,0.0
1594,2.9,0.0
1595,2.8,0.0
1596,2.9,0.0
1597,2.9,0.0
1598,2.7,0.0
1599,2.9,0.0
1600,3.6,0.0
1601,2.6,0.0
1602,3.9,0.0
1603,2.7,0.0
1604,4.0,0.0
1605,2.5,0.0
1606,3.4,0.0
1607,-0.4,0.0
1608,3.5,0.0
1609,3.2,0.0
1610,2.5,0.0
1611,3.1,0.0
1612,0.1,0.0
1613,3.6,0.0
1614,3.2,0.0
1615,3.1,0.0
1616,2.6,0.0
1617,-2.0,0.0
1618,3.4,0.0
1619,2.9,0.0
1620,2.7,0.0
1621,3.0,0.0
1622,2.8,0.0
1623,0.9,0.0
1624,4.3,0.0
1625,3.1,0.0
1626,3.3,0.0
1627,-0.4,0.0
1628,2.0,0.0
1629,2.9,0.0
1630,3.3,0.0
1631,3.3,0.0
1632,3.2,0.0
1633,3.3,0.0
1634,2.6,0.0
1635,2.8,0.0
1636,2.5,0.0
1637,2.4,0.0
1638,3.3,0.0
1639,2.8,0.0
1640,0.9,0.0
1641,3.1,0.0
1642,2.8,0.0
1643,2.1,0.0
1644,3.2,0.0
1645,3.5,0.0
1646,3.8,0.0
1647,-1.9,0.0
1648,-0.3,0.0
1649,3.1,0.0
1650,0.2,0.0
1651,3.3,0.0
1652,3.6,0.0
1653,3.4,0.0
1654,-2.5,0.0
1655,1.6,0.0
1656,2.6,0.0
1657,2.4,0.0
1658,3.0,0.0
1659,2.6,0.0
1660,3.3,0.0
1661,3.5,0.0
1662,3.2,0.0
1663,-1.1,0.0
1664,1.9,0.0
1665,3.1,0.0
1666,2.8,0.0
1667,2.9,0.0
1668,3.3,0.0
1669,0.4,0.0
1670,3.6,0.0
1671,2.9,0.0
1672,2.8,0.0
1673,0.0,0.0
1674,2.8,0.0
1675,3.0,0.0
1676,2.4,0.0
1677,2.7,0.0
1678,3.2,0.0
1679,-0.5,0.0
1680,2.1,0.0
1681,2.1,0.0
1682,3.1,0.0
1683,0.7,0.0
1684,3.7,0.0
1685,2.4,0.0
1686,3.1,0.0
1687,3.4,0.0
1688,2.8,0.0
1689,2.9,0.0
1690,1.7,0.0
1691,2.0,0.0
1692,3.5,0.0
1693,3.9,0.0
1694,-0.1,0.0
1695,3.2,0.0
1696,2.3,0.0
1697,2.3,0.0
1698,3.0,0.0
1699,3.9,0.0
1700,3.6,0.0
1701,3.1,0.0
1702,1.8,0.0
1703,2.1,0.0
1704,-0.1,0.0
1705,1.1,0.0
1706,1.7,0.0
1707,3.0,0.0
1708,2.4,0.0
1709,2.4,0.0
1710,3.6,0.0
1711,3.2,0.0
1712,3.1,0.0
1713,3.4,0.0
1714,3.3,0.0
1715,3.9,0.0
1716,2.9,0.0
1717,2.7,0.0
1718,3.0,0.0
1719,1.9,0.0
1720,1.2,0.0
1721,2.5,0.0
1722,-0.7,0.0
1723,0.3,0.0
1724,2.5,0.0
1725,1.5,0.0
1726,3.7,0.0
1727,3.4,0.0
1728,3.4,0.0
1729,-2.6,0.0
1730,0.3,0.0
1731,3.2,0.0
1732,3.7,0.0
1733,3.7,0.0
1734,2.9,0.0
1735,3.0,0.0
1736,2.5,0.0
1737,3.1,0.0
1738,3.5,0.0
1739,3.2,0.0
1740,2.3,0.0
1741,3.2,0.0
1742,2.8,0.0
1743,4.1,0.0
1744,3.7,0.0
1745,2.6,0.0
1746,2.8,0.0
1747,2.3,0.0
1748,4.0,0.0
1749,1.5,0.0
1750,3.2,0.0
1751,2.8,0.0
1752,1.6,0.0
1753,2.7,0.0
1754,3.1,0.0
1755,2.5,0.0
1756,3.9,0.0
1757,2.3,0.0
1758,-0.6,0.0
1759,1.1,0.0
1760,2.9,0.0
1761,1.5,0.0
1762,2.7,0.0
1763,2.8,0.0
1764,2.6,0.0
1765,-0.2,0.0
1766,-1.9,0.0
1767,3.6,0.0
1768,2.8,0.0
1769,2.1,0.0
1770,2.7,0.0
1771,2.9,0.0
1772,3.7,0.0
1773,3.0,0.0
1774,3.9,0.0
1775,2.9,0.0
1776,3.0,0.0
1777,3.2,0.0
1778,2.6,0.0
1779,2.8,0.0
1780,3.7,0.0
1781,2.9,0.0
1782,2.6,0.0
1783,1.2,0.0
1784,2.7,0.0
1785,3.1,0.0
1786,2.6,0.0
1787,2.4,0.0
1788,3.5,0.0
1789,3.0,0.0
1790,2.2,0.0
1791,2.7,0.0
1792,3.0,0.0
1793,3.3,0.0
1794,4.1,0.0
1795,2.0,0.0
1796,3.1,0.0
1797,3.3,0.0
1798,-1.2,0.0
1799,3.0,0.0
1800,2.3,0.0
1801,3.0,0.0
1802,3.6,0.0
1803,3.5,0.0
1804,2.2,0.0
1805,2.9,0.0
1806,3.2,0.0
1807,3.6,0.0
1808,-0.8,0.0
1809,3.2,0.0
1810,3.6,0.0
1811,3.4,0.0
1812,2.6,0.0
1813,2.9,0.0
1814,2.6,0.0
1815,2.0,0.0
1816,1.8,0.0
1817,2.1,0.0
1818,-0.8,0.0
1819,2.9,0.0
1820,2.2,0.0
1821,2.6,0.0
1822,2.8,0.0
1823,2.0,0.0
1824,2.7,0.0
1825,2.8,0.0
1826,2.0,0.0
1827,1.6,0.0
1828,4.6,0.0
1829,3.3,0.0
1830,-1.5,0.0
1831,2.9,0.0
1832,3.8,0.0
1833,2.8,0.0
1834,3.1,0.0
1835,2.4,0.0
1836,3.2,0.0
1837,3.5,0.0
1838,2.8,0.0
1839,3.0,0.0
1840,1.8,0.0
1841,3.5,0.0
1842,2.0,0.0
1843,2.5,0.0
1844,3.2,0.0
1845,2.3,0.0
1846,3.3,0.0
1847,3.3,0.0
1848,-1.0,0.0
1849,2.5,0.0
1850,1.6,0.0
1851,3.3,0.0
1852,-1.5,0.0
1853,-2.4,0.0
1854,0.6,0.0
1855,0.7,0.0
1856,0.6,0.0
1857,1.5,0.0
1858,3.5,0.0
1859,2.9,0.0
1860,2.9,0.0
1861,-2.9,0.0
1862,4.0,0.0
1863,3.0,0.0
1864,3.8,0.0
1865,3.3,0.0
1866,3.4,0.0
1867,3.5,0.0
1868,3.7,0.0
1869,3.1,0.0
1870,2.5,0.0
1871,1.7,0.0
1872,3.6,0.0
1873,2.7,0.0
1874,1.5,0.0
1875,3.0,0.0
1876,3.3,0.0
1877,3.0,0.0
1878,3.6,0.0
1879,3.2,0.0
1880,2.9,0.0
1881,3.0,0.0
1882,3.4,0.0
1883,2.8,0.0
1884,3.2,0.0
1885,2.5,0.0
1886,2.9,0.0
1887,3.7,0.0
1888,2.8,0.0
1889,-2.4,0.0
1890,1.8,0.0
1891,3.0,0.0
1892,0.7,0.0
1893,-2.4,0.0
1894,3.2,0.0
1895,3.3,0.0
1896,2.1,0.0
1897,3.2,0.0
1898,3.8,0.0
1899,3.5,0.0
1900,2.7,0.0
1901,2.3,0.0
1902,-1.3,0.0
1903,-0.1,0.0
1904,2.6,0.0
1905,3.2,0.0
1906,-2.7,0.0
1907,-1.4,0.0
1908,2.6,0.0
1909,3.0,0.0
1910,2.4,0.0
1911,3.1,0.0
1912,2.9,0.0
1913,2.3,0.0
1914,3.3,0.0
1915,2.8,0.0
1916,2.4,0.0
1917,3.0,0.0
1918,3.3,0.0
1919,1.8,0.0
1920,3.2,0.0
1921,3.4,0.0
1922,3.6,0.0
1923,3.0,0.0
1924,3.6,0.0
1925,3.6,0.0
1926,4.1,0.0
1927,2.1,0.0
1928,3.8,0.0
1929,2.5,0.0
1930,3.3,0.0
1931,2.9,0.0
1932,3.4,0.0
1933,3.2,0.0
1934,3.9,0.0
1935,2.9,0.0
1936,2.4,0.0
1937,1.4,0.0
1938,2.3,0.0
1939,2.6,0.0
1940,2.4,0.0
1941,3.1,0.0
1942,1.8,0.0
1943,2.7,0.0
1944,2.8,0.0
1945,2.7,0.0
1946,3.0,0.0
1947,3.7,0.0
1948,3.9,0.0
1949,2.1,0.0
1950,3.0,0.0
1951,3.1,0.0
1952,3.4,0.0
1953,2.8,0.0
1954,1.7,0.0
1955,2.7,0.0
1956,2.9,0.0
1957,3.0,0.0
1958,3.7,0.0
1959,2.4,0.0
1960,3.2,0.0
1961,1.7,0.0
1962,2.4,0.0
1963,1.6,0.0
1964,3.3,0.0
1965,3.8,0.0
1966,-0.8,0.0
1967,2.7,0.0
1968,1.7,0.0
1969,2.6,0.0
1970,2.5,0.0
1971,1.6,0.0
1972,2.3,0.0
1973,2.8,0.0
1974,2.5,0.0
1975,3.8,0.0
1976,2.4,0.0
1977,3.8,0.0
1978,3.5,0.0
1979,4.0,0.0
1980,2.9,0.0
1981,3.6,0.0
1982,3.5,0.0
1983,2.9,0.0
1984,2.5,0.0
1985,2.3,0.0
1986,2.8,0.0
1987,-1.3,0.0
1988,2.4,0.0
1989,3.0,0.0
1990,2.6,0.0
1991,2.8,0.0
1992,2.2,0.0
1993,1.0,0.0
1994,2.5,0.0
1995,1.9,0.0
1996,3.1,0.0
1997,3.7,0.0
1998,3.4,0.0
1999,2.6,0.0
2000,3.0,0.0
2001,2.5,0.0
2002,3.2,0.0
2003,1.4,0.0
2004,2.2,0.0
2005,3.4,0.0
2006,-1.1,0.0
2007,3.0,0.0
2008,3.8,0.0
2009,3.5,0.0
2010,3.2,0.0
2011,2.4,0.0
2012,0.4,0.0
2013,2.0,0.0
2014,1.4,0.0
2015,1.9,0.0
2016,2.5,0.0
2017,2.7,0.0
2018,2.0,0.0
2019,3.9,0.0
2020,2.2,0.0
2021,-0.5,0.0
2022,2.6,0.0
2023,3.3,0.0
2024,2.8,0.0
2025,3.2,0.0
2026,2.2,0.0
2027,2.4,0.0
2028,3.5,0.0
2029,3.0,0.0
2030,2.9,0.0
2031,1.7,0.0
2032,2.4,0.0
2033,2.7,0.0
2034,4.0,0.0
2035,4.0,0.0
2036,3.7,0.0
2037,3.1,0.0
2038,2.6,0.0
2039,2.7,0.0
2040,3.0,0.0
2041,3.6,0.0
2042,3.7,0.0
2043,3.7,0.0
2044,2.8,0.0
2045,2.3,0.0
2046,2.5,0.0
2047,0.8,0.0
2048,2.2,0.0
2049,1.7,0.0
2050,3.7,0.0
2051,2.7,0.0
2052,3.4,0.0
2053,2.6,0.0
2054,0.1,0.0
2055,0.9,0.0
2056,2.1,0.0
2057,2.9,0.0
2058,0.7,0.0
2059,3.5,0.0
2060,2.0,0.0
2061,3.1,0.0
2062,3.6,0.0
2063,3.9,0.0
2064,2.2,0.0
2065,2.4,0.0
2066,3.0,0.0
2067,2.8,0.0
2068,2.5,0.0
2069,2.7,0.0
2070,2.1,0.0
2071,2.6,0.0
2072,2.1,0.0
2073,1.1,0.0
2074,3.5,0.0
2075,2.2,0.0
2076,3.2,0.0
2077,1.9,0.0
2078,-0.6,0.0
2079,-1.1,0.0
2080,0.3,0.0
2081,2.4,0.0
2082,3.2,0.0
2083,2.3,0.0
2084,2.5,0.0
2085,2.0,0.0
2086,3.2,0.0
2087,2.1,0.0
2088,2.7,0.0
2089,3.5,0.0
2090,2.8,0.0
2091,2.8,0.0
2092,3.0,0.0
2093,2.8,0.0
2094,3.1,0.0
2095,-2.1,0.0
2096,3.0,0.0
2097,3.2,0.0
2098,3.0,0.0
2099,3.6,0.0
2100,2.3,0.0
2101,4.4,0.0
2102,3.1,0.0
2103,3.5,0.0
2104,2.9,0.0
2105,2.7,0.0
2106,2.5,0.0
2107,2.9,0.0
2108,0.9,0.0
2109,0.2,0.0
2110,3.2,0.0
2111,3.3,0.0
2112,3.4,0.0
2113,2.9,0.0
2114,2.6,0.0
2115,-2.2,0.0
2116,3.6,0.0
2117,2.4,0.0
2118,2.9,0.0
2119,-2.7,0.0
2120,0.7,0.0
2121,3.1,0.0
2122,1.6,0.0
2123,3.2,0.0
2124,2.3,0.0
2125,3.1,0.0
2126,3.6,0.0
2127,2.3,0.0
2128,2.3,0.0
2129,2.0,0.0
2130,2.7,0.0
2131,2.9,0.0
2132,2.4,0.0
2133,3.5,0.0
2134,1.9,0.0
2135,2.9,0.0
2136,3.1,0.0
2137,-0.3,0.0
2138,3.0,0.0
2139,3.0,0.0
2140,3.5,0.0
2141,3.4,0.0
2142,3.2,0.0
2143,4.0,0.0
2144,3.1,0.0
2145,3.3,0.0
2146,4.0,0.0
2147,-0.3,0.0
2148,2.6,0.0
2149,2.9,0.0
2150,3.5,0.0
2151,3.0,0.0
2152,3.3,0.0
2153,2.1,0.0
2154,2.5,0.0
2155,2.9,0.0
2156,0.9,0.0
2157,2.4,0.0
2158,3.7,0.0
2159,3.3,0.0
2160,3.6,0.0
2161,3.5,0.0
2162,2.6,0.0
2163,1.6,0.0
2164,3.5,0.0
2165,3.7,0.0
2166,3.0,0.0
2167,2.8,0.0
2168,3.7,0.0
2169,3.5,0.0
2170,-1.7,0.0
2171,2.6,0.0
2172,1.5,0.0
2173,3.3,0.0
2174,3.0,0.0
2175,3.2,0.0
2176,3.5,0.0
2177,3.5,0.0
2178,3.3,0.0
2179,2.8,0.0
2180,2.8,0.0
2181,3.5,0.0
2182,3.3,0.0
2183,-3.3,0.0
2184,-1.2,0.0
2185,-0.2,0.0
2186,-1.6,0.0
2187,0.3,0.0
2188,-0.6,0.0
2189,-0.0,0.0
2190,2.2,0.0
2191,3.1,0.0
2192,3.0,0.0
2193,3.7,0.0
2194,3.6,0.0
2195,2.4,0.0
2196,3.5,0.0
2197,2.7,0.0
2198,3.2,0.0
2199,0.9,0.0
2200,1.4,0.0
2201,-1.7,0.0
2202,2.9,0.0
2203,1.1,0.0
2204,3.2,0.0
2205,3.6,0.0
2206,2.7,0.0
2207,2.4,0.0
2208,3.0,0.0
2209,3.0,0.0
2210,2.4,0.0
2211,3.4,0.0
2212,3.4,0.0
2213,2.5,0.0
2214,2.1,0.0
2215,-0.9,0.0
2216,2.8,0.0
2217,3.1,0.0
2218,3.1,0.0
2219,3.3,0.0
2220,2.5,0.0
2221,1.7,0.0
2222,3.1,0.0
2223,2.9,0.0
2224,3.0,0.0
2225,2.7,0.0
2226,-1.5,0.0
2227,3.5,0.0
2228,-0.8,0.0
2229,3.9,0.0
2230,3.1,0.0
2231,3.0,0.0
2232,3.2,0.0
2233,2.2,0.0
2234,3.0,0.0
2235,2.6,0.0
2236,3.5,0.0
2237,3.5,0.0
2238,2.4,0.0
2239,2.5,0.0
2240,2.3,0.0
2241,1.1,0.0
2242,-1.8,0.0
2243,2.9,0.0
2244,2.4,0.0
2245,2.1,0.0
2246,1.6,0.0
2247,2.8,0.0
2248,-0.9,0.0
2249,3.2,0.0
2250,3.3,0.0
2251,2.5,0.0
2252,3.2,0.0
2253,3.3,0.0
2254,-0.4,0.0
2255,3.4,0.0
2256,3.1,0.0
2257,2.5,0.0
2258,1.7,0.0
2259,3.6,0.0
2260,2.8,0.0
2261,-0.1,0.0
2262,3.6,0.0
2263,3.4,0.0
2264,2.1,0.0
2265,2.9,0.0
2266,2.3,0.0
2267,2.6,0.0
2268,2.3,0.0
2269,2.3,0.0
2270,3.0,0.0
2271,0.7,0.0
2272,0.3,0.0
2273,1.7,0.0
2274,2.7,0.0
2275,2.9,0.0
2276,2.9,0.0
2277,3.7,0.0
2278,3.4,0.0
2279,3.4,0.0
2280,3.5,0.0
2281,3.1,0.0
2282,2.2,0.0
2283,3.2,0.0
2284,3.1,0.0
2285,3.0,0.0
2286,3.0,0.0
2287,3.1,0.0
2288,2.1,0.0
2289,1.9,0.0
2290,3.0,0.0
2291,2.8,0.0
2292,3.0,0.0
2293,3.0,0.0
2294,2.5,0.0
2295,3.7,0.0
2296,3.0,0.0
2297,2.8,0.0
2298,2.7,0.0
2299,2.2,0.0
2300,-1.1,0.0
2301,2.3,0.0
2302,2.7,0.0
2303,2.5,0.0
2304,3.0,0.0
2305,-1.9,0.0
2306,1.5,0.0
2307,1.9,0.0
2308,3.8,0.0
2309,3.1,0.0
2310,3.1,0.0
2311,1.8,0.0
2312,-1.0,0.0
2313,2.6,0.0
2314,2.4,0.0
2315,2.5,0.0
2316,3.4,0.0
2317,2.0,0.0
2318,-0.7,0.0
2319,2.1,0.0
2320,1.5,0.0
2321,0.2,0.0
2322,3.2,0.0
2323,-1.3,0.0
2324,-2.1,0.0
2325,1.4,0.0
2326,2.9,0.0
2327,3.0,0.0
2328,0.6,0.0
2329,2.4,0.0
2330,-0.1,0.0
2331,2.4,0.0
2332,2.4,0.0
2333,2.2,0.0
2334,2.8,0.0
2335,2.9,0.0
2336,2.3,0.0
2337,3.2,0.0
2338,3.4,0.0
2339,3.6,0.0
2340,2.7,0.0
2341,1.8,0.0
2342,2.6,0.0
2343,2.4,0.0
2344,2.9,0.0
2345,2.7,0.0
2346,3.4,0.0
2347,1.7,0.0
2348,2.7,0.0
2349,3.1,0.0
2350,3.4,0.0
2351,2.9,0.0
2352,4.1,0.0
2353,3.3,0.0
2354,1.6,0.0
2355,3.1,0.0
2356,2.6,0.0
2357,2.6,0.0
2358,3.3,0.0
2359,2.7,0.0
2360,1.6,0.0
2361,-0.8,0.0
2362,0.5,0.0
2363,1.0,0.0
2364,0.2,0.0
2365,2.8,0.0
2366,2.4,0.0
2367,2.0,0.0
2368,3.2,0.0
2369,2.8,0.0
2370,2.6,0.0
2371,2.2,0.0
2372,2.8,0.0
2373,2.3,0.0
2374,3.0,0.0
2375,3.1,0.0
2376,-0.7,0.0
2377,3.8,0.0
2378,3.0,0.0
2379,4.0,0.0
2380,3.6,0.0
2381,3.1,0.0
2382,2.7,0.0
2383,3.5,0.0
2384,2.9,0.0
2385,1.6,0.0
2386,2.2,0.0
2387,2.7,0.0
2388,2.3,0.0
2389,2.4,0.0
2390,3.2,0.0
2391,0.7,0.0
2392,2.8,0.0
2393,2.7,0.0
2394,2.3,0.0
2395,2.8,0.0
2396,1.9,0.0
2397,2.8,0.0
2398,2.5,0.0
2399,2.9,0.0
2400,3.3,0.0
2401,2.7,0.0
2402,3.1,0.0
2403,2.9,0.0
2404,3.5,0.0
2405,2.4,0.0
2406,3.4,0.0
2407,2.6,0.0
2408,1.3,0.0
2409,2.2,0.0
2410,2.4,0.0
2411,3.3,0.0
2412,3.1,0.0
2413,3.4,0.0
2414,1.9,0.0
2415,2.9,0.0
2416,2.8,0.0
2417,2.6,0.0
2418,3.2,0.0
2419,2.9,0.0
2420,2.3,0.0
2421,2.8,0.0
2422,3.5,0.0
2423,2.4,0.0
2424,3.1,0.0
2425,3.2,0.0
2426,4.0,0.0
2427,3.6,0.0
2428,2.5,0.0
2429,2.5,0.0
2430,2.8,0.0
2431,3.0,0.0
2432,1.8,0.0
2433,3.0,0.0
2434,3.7,0.0
2435,2.5,0.0
2436,3.6,0.0
2437,2.8,0.0
2438,3.4,0.0
2439,2.9,0.0
2440,4.2,0.0
2441,2.6,0.0
2442,3.0,0.0
2443,0.5,0.0
2444,3.4,0.0
2445,1.3,0.0
2446,3.0,0.0
2447,-1.5,0.0
2448,1.8,0.0
2449,2.2,0.0
2450,3.4,0.0
2451,3.4,0.0
2452,3.2,0.0
2453,-1.1,0.0
2454,-1.5,0.0
2455,-1.8,0.0
2456,3.2,0.0
2457,2.7,0.0
2458,2.5,0.0
2459,4.7,0.0
2460,3.9,0.0
2461,3.3,0.0
2462,2.9,0.0
2463,2.7,0.0
2464,2.3,0.0
2465,3.3,0.0
2466,3.9,0.0
2467,3.6,0.0
2468,3.5,0.0
2469,2.2,0.0
2470,4.3,0.0
2471,2.6,0.0
2472,0.2,0.0
2473,3.0,0.0
2474,3.2,0.0
2475,2.7,0.0
2476,2.8,0.0
2477,3.6,0.0
2478,3.1,0.0
2479,3.5,0.0
2480,3.9,0.0
2481,2.8,0.0
2482,2.7,0.0
2483,3.4,0.0
2484,1.9,0.0
2485,3.2,0.0
2486,2.9,0.0
2487,-0.4,0.0
2488,3.6,0.0
2489,2.8,0.0
2490,1.3,0.0
2491,2.8,0.0
2492,3.0,0.0
2493,3.5,0.0
2494,2.6,0.0
2495,4.1,0.0
2496,2.1,0.0
2497,3.2,0.0
2498,2.2,0.0
2499,-0.7,0.0
2500,2.4,0.0
2501,2.6,0.0
2502,3.7,0.0
2503,2.8,0.0
2504,2.8,0.0
2505,3.2,0.0
2506,1.5,0.0
2507,3.3,0.0
2508,3.9,0.0
2509,3.1,0.0
2510,1.6,0.0
2511,2.6,0.0
2512,2.5,0.0
2513,2.9,0.0
2514,2.3,0.0
2515,2.0,0.0
2516,3.8,0.0
2517,2.5,0.0
2518,3.2,0.0
2519,2.2,0.0
2520,2.9,0.0
2521,3.4,0.0
2522,2.6,0.0
2523,3.2,0.0
2524,3.9,0.0
2525,3.1,0.0
2526,2.4,0.0
2527,3.1,0.0
2528,3.0,0.0
2529,2.7,0.0
2530,-2.0,0.0
2531,-0.6,0.0
2532,3.4,0.0
2533,2.3,0.0
2534,2.1,0.0
2535,2.9,0.0
2536,2.6,0.0
2537,2.0,0.0
2538,0.4,0.0
2539,3.0,0.0
2540,2.9,0.0
2541,3.0,0.0
2542,2.0,0.0
2543,2.4,0.0
2544,2.1,0.0
2545,2.2,0.0
2546,2.9,0.0
2547,3.4,0.0
2548,2.4,0.0
2549,3.7,0.0
2550,1.8,0.0
2551,0.4,0.0
2552,1.6,0.0
2553,3.2,0.0
2554,3.6,0.0
2555,3.2,0.0
2556,2.2,0.0
2557,1.2,0.0
2558,1.6,0.0
2559,2.8,0.0
2560,3.1,0.0
2561,3.5,0.0
2562,0.9,0.0
2563,3.2,0.0
2564,2.6,0.0
2565,1.3,0.0
2566,0.2,0.0
2567,2.0,0.0
2568,2.6,0.0
2569,-1.4,0.0
2570,-1.6,0.0
2571,1.5,0.0
2572,2.4,0.0
2573,3.3,0.0
2574,2.1,0.0
2575,1.9,0.0
2576,2.0,0.0
2577,2.0,0.0
2578,1.2,0.0
2579,1.5,0.0
2580,4.0,0.0
2581,2.6,0.0
2582,3.8,0.0
2583,3.3,0.0
2584,1.9,0.0
2585,1.0,0.0
2586,2.6,0.0
2587,2.4,0.0
2588,2.0,0.0
2589,1.4,0.0
2590,1.1,0.0
2591,3.3,0.0
2592,-0.3,0.0
2593,-1.2,0.0
2594,3.2,0.0
2595,3.1,0.0
2596,3.0,0.0
2597,2.8,0.0
2598,1.0,0.0
2599,1.7,0.0
2600,3.4,0.0
2601,2.9,0.0
2602,2.5,0.0
2603,1.7,0.0
2604,3.4,0.0
2605,3.5,0.0
2606,2.1,0.0
2607,2.5,0.0
2608,2.0,0.0
2609,4.1,0.0
2610,2.7,0.0
2611,2.2,0.0
2612,1.3,0.0
2613,-0.7,0.0
2614,1.4,0.0
2615,3.4,0.0
2616,3.6,0.0
2617,3.0,0.0
2618,2.7,0.0
2619,2.6,0.0
2620,3.1,0.0
2621,2.4,0.0
2622,3.9,0.0
2623,-0.7,0.0
2624,2.6,0.0
2625,2.9,0.0
2626,3.5,0.0
2627,-0.5,0.0
2628,-0.5,0.0
2629,0.3,0.0
2630,1.7,0.0
2631,1.7,0.0
2632,2.2,0.0
2633,2.2,0.0
2634,2.3,0.0
2635,1.7,0.0
2636,1.8,0.0
2637,3.1,0.0
2638,1.9,0.0
2639,2.7,0.0
2640,2.6,0.0
2641,2.8,0.0
2642,3.2,0.0
2643,1.1,0.0
2644,2.3,0.0
2645,2.5,0.0
2646,1.6,0.0
2647,2.9,0.0
2648,3.1,0.0
2649,2.3,0.0
2650,3.2,0.0
2651,3.5,0.0
2652,2.8,0.0
2653,3.0,0.0
2654,3.5,0.0
2655,2.5,0.0
2656,2.9,0.0
2657,1.7,0.0
2658,0.4,0.0
2659,1.3,0.0
2660,1.5,0.0
2661,2.7,0.0
2662,1.9,0.0
2663,3.3,0.0
2664,3.2,0.0
2665,3.5,0.0
2666,1.4,0.0
2667,2.8,0.0
2668,1.9,0.0
2669,1.0,0.0
2670,2.1,0.0
2671,2.7,0.0
2672,2.4,0.0
2673,3.6,0.0
2674,1.8,0.0
2675,2.8,0.0
2676,2.0,0.0
2677,2.0,0.0
2678,3.3,0.0
2679,3.0,0.0
2680,2.3,0.0
2681,-0.1,0.0
2682,2.2,0.0
2683,2.7,0.0
2684,1.7,0.0
2685,2.3,0.0
2686,2.3,0.0
2687,1.9,0.0
2688,3.0,0.0
2689,1.3,0.0
2690,2.1,0.0
2691,2.1,0.0
2692,2.9,0.0
2693,1.8,0.0
2694,2.6,0.0
2695,2.4,0.0
2696,2.3,0.0
2697,2.8,0.0
2698,0.7,0.0
2699,1.5,0.0
2700,1.7,0.0
2701,2.3,0.0
2702,0.4,0.0
2703,-0.9,0.0
2704,1.8,0.0
2705,3.3,0.0
2706,3.2,0.0
2707,1.8,0.0
2708,2.8,0.0
2709,3.2,0.0
2710,3.6,0.0
2711,3.3,0.0
2712,-0.8,0.0
2713,2.1,0.0
2714,2.9,0.0
2715,2.6,0.0
2716,2.2,0.0
2717,-0.0,0.0
2718,1.7,0.0
2719,2.4,0.0
2720,2.6,0.0
2721,1.4,0.0
2722,3.0,0.0
2723,2.3,0.0
2724,1.3,0.0
2725,2.6,0.0
2726,2.0,0.0
2727,2.9,0.0
2728,2.2,0.0
2729,0.6,0.0
2730,2.0,0.0
2731,3.2,0.0
2732,2.8,0.0
2733,3.8,0.0
2734,3.2,0.0
2735,1.8,0.0
2736,1.8,0.0
2737,2.3,0.0
2738,2.4,0.0
2739,3.0,0.0
2740,2.7,0.0
2741,2.4,0.0
2742,3.3,0.0
2743,2.6,0.0
2744,2.2,0.0
2745,2.1,0.0
2746,2.4,0.0
2747,3.5,0.0
2748,3.2,0.0
2749,1.0,0.0
2750,2.5,0.0
2751,1.6,0.0
2752,3.7,0.0
2753,1.6,0.0
2754,2.4,0.0
2755,3.6,0.0
2756,3.1,0.0
2757,1.9,0.0
2758,2.6,0.0
2759,-1.0,0.0
2760,3.4,0.0
2761,3.0,0.0
2762,2.4,0.0
2763,2.3,0.0
2764,3.5,0.0
2765,2.5,0.0
2766,2.1,0.0
2767,3.1,0.0
2768,4.4,0.0
2769,4.0,0.0
2770,3.4,0.0
2771,2.9,0.0
2772,3.1,0.0
2773,3.7,0.0
2774,3.4,0.0
2775,2.7,0.0
2776,-0.8,0.0
2777,-0.1,0.0
2778,3.2,0.0
2779,3.3,0.0
2780,2.9,0.0
2781,3.2,0.0
2782,3.2,0.0
2783,2.8,0.0
2784,2.4,0.0
2785,3.4,0.0
2786,3.4,0.0
2787,3.4,0.0
2788,2.9,0.0
2789,2.9,0.0
2790,3.0,0.0
2791,3.6,0.0
2792,3.8,0.0
2793,2.3,0.0
2794,2.5,0.0
2795,3.2,0.0
2796,3.6,0.0
2797,3.2,0.0
2798,2.5,0.0
2799,3.5,0.0
2800,3.0,0.0
2801,3.2,0.0
2802,2.2,0.0
2803,3.5,0.0
2804,3.4,0.0
2805,2.2,0.0
2806,3.2,0.0
2807,2.3,0.0
2808,1.8,0.0
2809,3.3,0.0
2810,3.4,0.0
2811,2.9,0.0
2812,2.2,0.0
2813,-2.8,0.0
2814,-0.6,0.0
2815,1.6,0.0
2816,2.8,0.0
2817,2.8,0.0
2818,1.6,0.0
2819,3.3,0.0
2820,3.1,0.0
2821,3.0,0.0
2822,3.3,0.0
2823,2.9,0.0
2824,2.4,0.0
2825,3.5,0.0
2826,3.6,0.0
2827,1.9,0.0
2828,3.0,0.0
2829,-1.3,0.0
2830,-1.2,0.0
2831,3.0,0.0
2832,3.0,0.0
2833,-1.3,0.0
2834,2.3,0.0
2835,2.7,0.0
2836,-2.6,0.0
2837,3.1,0.0
2838,3.6,0.0
2839,2.7,0.0
2840,2.5,0.0
2841,3.5,0.0
2842,3.3,0.0
2843,2.3,0.0
2844,3.5,0.0
2845,1.1,0.0
2846,-0.4,0.0
2847,2.5,0.0
2848,2.6,0.0
2849,3.4,0.0
2850,-0.1,0.0
2851,0.1,0.0
2852,2.9,0.0
2853,3.5,0.0
2854,-0.5,0.0
2855,2.0,0.0
2856,1.0,0.0
2857,3.0,0.0
2858,2.1,0.0
2859,-0.3,0.0
2860,-0.1,0.0
2861,-2.2,0.0
2862,1.6,0.0
2863,2.9,0.0
2864,3.2,0.0
2865,2.3,0.0
2866,3.2,0.0
2867,2.6,0.0
2868,2.8,0.0
2869,3.3,0.0
2870,1.7,0.0
2871,1.8,0.0
2872,2.1,0.0
2873,2.5,0.0
2874,2.4,0.0
2875,2.3,0.0
2876,2.4,0.0
2877,3.0,0.0
2878,3.3,0.0
2879,2.8,0.0
2880,3.3,0.0
2881,2.7,0.0
2882,2.2,0.0
2883,2.9,0.0
2884,2.9,0.0
2885,2.2,0.0
2886,2.5,0.0
2887,2.8,0.0
2888,1.2,0.0
2889,2.8,0.0
2890,2.3,0.0
2891,1.3,0.0
2892,2.1,0.0
2893,-2.4,0.0
2894,3.1,0.0
2895,3.7,0.0
2896,2.5,0.0
2897,2.9,0.0
2898,3.8,0.0
2899,2.6,0.0
2900,2.5,0.0
2901,3.0,0.0
2902,2.9,0.0
2903,2.8,0.0
2904,2.6,0.0
2905,2.2,0.0
2906,2.1,0.0
2907,2.5,0.0
2908,3.5,0.0
2909,3.4,0.0
2910,2.1,0.0
2911,2.3,0.0
2912,1.9,0.0
2913,0.7,0.0
2914,2.2,0.0
2915,2.4,0.0
2916,1.2,0.0
2917,3.3,0.0
2918,1.9,0.0
2919,2.4,0.0
2920,1.9,0.0
2921,1.9,0.0
2922,3.3,0.0
2923,2.3,0.0
2924,2.4,0.0
2925,2.0,0.0
2926,1.8,0.0
2927,4.1,0.0
2928,3.1,0.0
2929,1.6,0.0
2930,2.3,0.0
2931,2.8,0.0
2932,-2.0,0.0
2933,2.7,0.0
2934,3.3,0.0
2935,2.5,0.0
2936,2.0,0.0
2937,1.5,0.0
2938,2.5,0.0
2939,3.3,0.0
2940,3.4,0.0
2941,1.8,0.0
2942,3.0,0.0
2943,2.2,0.0
2944,2.0,0.0
2945,2.8,0.0
2946,3.4,0.0
2947,4.2,0.0
2948,2.7,0.0
2949,3.2,0.0
2950,3.7,0.0
2951,2.8,0.0
2952,2.7,0.0
2953,1.9,0.0
2954,3.3,0.0
2955,-0.3,0.0
2956,2.0,0.0
2957,2.2,0.0
2958,3.1,0.0
2959,2.2,0.0
2960,3.0,0.0
2961,2.2,0.0
2962,2.8,0.0
2963,1.4,0.0
2964,3.5,0.0
2965,3.0,0.0
2966,4.1,0.0
2967,1.6,0.0
2968,3.6,0.0
2969,3.4,0.0
2970,-1.7,0.0
2971,4.1,0.0
2972,2.0,0.0
2973,1.9,0.0
2974,3.3,0.0
2975,2.7,0.0
2976,1.1,0.0
2977,2.7,0.0
2978,2.7,0.0
2979,3.6,0.0
2980,3.6,0.0
2981,2.7,0.0
2982,3.4,0.0
2983,2.9,0.0
2984,2.8,0.0
2985,2.5,0.0
2986,3.4,0.0
2987,2.9,0.0
2988,3.1,0.0
2989,2.1,0.0
2990,4.0,0.0
2991,-1.1,0.0
2992,3.7,0.0
2993,4.0,0.0
2994,0.1,0.0
2995,3.6,0.0
2996,3.3,0.0
2997,2.5,0.0
2998,3.5,0.0
2999,2.0,0.0
3000,3.1,0.0
3001,4.3,0.0
3002,4.0,0.0
3003,3.8,0.0
3004,3.0,0.0
3005,3.1,0.0
3006,4.0,0.0
3007,3.3,0.0
3008,3.5,0.0
3009,3.6,0.0
3010,-1.6,0.0
3011,-2.1,0.0
3012,-1.3,0.0
3013,2.7,0.0
3014,3.3,0.0
3015,3.5,0.0
3016,2.6,0.0
3017,3.5,0.0
3018,2.9,0.0
3019,2.0,0.0
3020,1.9,0.0
3021,2.0,0.0
3022,2.0,0.0
3023,3.3,0.0
3024,3.5,0.0
3025,4.3,0.0
3026,3.4,0.0
3027,1.7,0.0
3028,1.5,0.0
3029,1.8,0.0
3030,2.5,0.0
3031,4.1,0.0
3032,3.2,0.0
3033,4.0,0.0
3034,-2.3,0.0
3035,-0.3,0.0
3036,2.9,0.0
3037,3.5,0.0
3038,2.7,0.0
3039,3.5,0.0
3040,2.9,0.0
3041,3.2,0.0
3042,2.9,0.0
3043,-1.1,0.0
3044,-1.3,0.0
3045,-2.0,0.0
3046,-1.9,0.0
3047,-1.7,0.0
3048,3.4,0.0
3049,3.4,0.0
3050,3.2,0.0
3051,3.3,0.0
3052,-1.8,0.0
3053,1.7,0.0
3054,0.6,0.0
3055,2.2,0.0
3056,1.4,0.0
3057,2.5,0.0
3058,3.0,0.0
3059,3.4,0.0
3060,3.2,0.0
3061,3.3,0.0
3062,-2.1,0.0
3063,4.0,0.0
3064,3.4,0.0
3065,3.3,0.0
3066,1.4,0.0
3067,3.0,0.0
3068,3.5,0.0
3069,5.2,0.0
3070,4.1,0.0
3071,3.5,0.0
3072,4.2,0.0
3073,3.4,0.0
3074,3.2,0.0
3075,2.8,0.0
3076,3.6,0.0
3077,3.5,0.0
3078,3.3,0.0
3079,-1.3,0.0
3080,3.2,0.0
3081,4.8,0.0
3082,2.6,0.0
3083,2.1,0.0
3084,2.7,0.0
3085,3.8,0.0
3086,3.1,0.0
3087,3.4,0.0
3088,3.1,0.0
3089,3.8,0.0
3090,2.7,0.0
3091,3.3,0.0
3092,3.8,0.0
3093,2.5,0.0
3094,-1.9,0.0
3095,3.0,0.0
3096,3.9,0.0
3097,2.6,0.0
3098,3.1,0.0
3099,3.8,0.0
3100,3.4,0.0
3101,2.2,0.0
3102,3.4,0.0
3103,-0.0,0.0
3104,2.5,0.0
3105,2.1,0.0
3106,1.1,0.0
3107,3.7,0.0
3108,2.1,0.0
3109,2.7,0.0
3110,3.3,0.0
3111,3.0,0.0
3112,3.9,0.0
3113,3.2,0.0
3114,2.3,0.0
3115,3.1,0.0
3116,2.4,0.0
3117,1.7,0.0
3118,2.3,0.0
3119,3.0,0.0
3120,3.3,0.0
3121,-0.7,0.0
3122,2.0,0.0
3123,2.0,0.0
3124,3.9,0.0
3125,3.0,0.0
3126,1.2,0.0
3127,1.4,0.0
3128,2.6,0.0
3129,3.9,0.0
3130,3.7,0.0
3131,2.1,0.0
3132,2.5,0.0
3133,1.6,0.0
3134,2.9,0.0
3135,1.1,0.0
3136,1.9,0.0
3137,2.6,0.0
3138,2.0,0.0
3139,2.0,0.0
3140,3.3,0.0
3141,-0.9,0.0
3142,2.2,0.0
3143,3.1,0.0
3144,2.9,0.0
3145,3.4,0.0
3146,3.0,0.0
3147,3.0,0.0
3148,2.2,0.0
3149,3.4,0.0
3150,3.2,0.0
3151,1.7,0.0
3152,2.2,0.0
3153,3.0,0.0
3154,1.7,0.0
3155,3.6,0.0
3156,3.5,0.0
3157,1.9,0.0
3158,3.5,0.0
3159,4.1,0.0
3160,2.3,0.0
3161,2.6,0.0
3162,2.0,0.0
3163,2.3,0.0
3164,3.5,0.0
3165,3.0,0.0
3166,3.3,0.0
3167,-1.9,0.0
3168,2.4,0.0
3169,3.0,0.0
3170,3.4,0.0
3171,3.9,0.0
3172,3.6,0.0
3173,2.5,0.0
3174,3.5,0.0
3175,2.6,0.0
3176,2.7,0.0
3177,-0.2,0.0
3178,3.2,0.0
3179,2.1,0.0
3180,2.2,0.0
3181,3.3,0.0
3182,-0.4,0.0
3183,3.6,0.0
3184,3.3,0.0
3185,3.2,0.0
3186,2.3,0.0
3187,2.5,0.0
3188,2.9,0.0
3189,3.2,0.0
3190,3.6,0.0
3191,3.7,0.0
3192,3.2,0.0
3193,2.7,0.0
3194,3.3,0.0
3195,3.3,0.0
3196,3.0,0.0
3197,2.3,0.0
3198,3.9,0.0
3199,3.7,0.0
3200,3.3,0.0
3201,3.4,0.0
3202,3.0,0.0
3203,2.6,0.0
3204,2.4,0.0
3205,2.8,0.0
3206,3.7,0.0
3207,2.6,0.0
3208,3.5,0.0
3209,2.7,0.0
3210,3.0,0.0
3211,2.5,0.0
3212,2.5,0.0
3213,2.7,0.0
3214,2.7,0.0
3215,2.5,0.0
3216,2.8,0.0
3217,3.4,0.0
3218,2.8,0.0
3219,2.6,0.0
3220,3.2,0.0
3221,3.0,0.0
3222,2.6,0.0
3223,3.3,0.0
3224,2.9,0.0
3225,3.5,0.0
3226,1.7,0.0
3227,1.7,0.0
3228,2.7,0.0
3229,-0.6,0.0
3230,2.7,0.0
3231,2.3,0.0
3232,2.3,0.0
3233,3.3,0.0
3234,2.0,0.0
3235,3.5,0.0
3236,2.2,0.0
3237,3.8,0.0
3238,3.1,0.0
3239,2.4,0.0
3240,3.5,0.0
3241,3.4,0.0
3242,2.4,0.0
3243,2.8,0.0
3244,1.4,0.0
3245,1.9,0.0
3246,2.9,0.0
3247,4.1,0.0
3248,0.8,0.0
3249,2.3,0.0
3250,4.0,0.0
3251,2.6,0.0
3252,2.2,0.0
3253,2.1,0.0
3254,0.5,0.0
3255,3.3,0.0
3256,3.3,0.0
3257,2.2,0.0
3258,4.0,0.0
3259,2.8,0.0
3260,3.8,0.0
3261,2.9,0.0
3262,3.8,0.0
3263,2.3,0.0
3264,-3.0,0.0
3265,2.9,0.0
3266,2.5,0.0
3267,2.9,0.0
3268,3.7,0.0
3269,3.3,0.0
3270,-0.3,0.0
3271,2.9,0.0
3272,2.5,0.0
3273,2.4,0.0
3274,3.4,0.0
3275,2.7,0.0
3276,3.4,0.0
3277,2.4,0.0
3278,2.8,0.0
3279,2.8,0.0
3280,3.3,0.0
3281,1.9,0.0
3282,4.0,0.0
3283,2.8,0.0
3284,3.4,0.0
3285,2.8,0.0
3286,2.8,0.0
3287,1.6,0.0
3288,3.2,0.0
3289,2.1,0.0
3290,2.5,0.0
3291,2.8,0.0
3292,2.6,0.0
3293,3.1,0.0
3294,2.5,0.0
3295,2.7,0.0
3296,3.1,0.0
3297,2.0,0.0
3298,2.9,0.0
3299,1.8,0.0
3300,1.5,0.0
3301,3.7,0.0
3302,-0.6,0.0
3303,0.7,0.0
3304,2.4,0.0
3305,3.1,0.0
3306,2.4,0.0
3307,2.9,0.0
3308,2.7,0.0
3309,2.1,0.0
3310,2.8,0.0
3311,3.5,0.0
3312,3.5,0.0
3313,1.3,0.0
3314,1.9,0.0
3315,1.8,0.0
3316,3.7,0.0
3317,2.1,0.0
3318,2.6,0.0
3319,3.0,0.0
3320,2.2,0.0
3321,2.1,0.0
3322,4.0,0.0
3323,2.7,0.0
3324,3.3,0.0
3325,3.0,0.0
3326,2.6,0.0
3327,2.5,0.0
3328,2.1,0.0
3329,2.0,0.0
3330,3.9,0.0
3331,3.7,0.0
3332,3.4,0.0
3333,2.2,0.0
3334,2.9,0.0
3335,3.5,0.0
3336,3.1,0.0
3337,2.4,0.0
3338,-1.8,0.0
3339,-0.1,0.0
3340,3.6,0.0
3341,2.1,0.0
3342,2.4,0.0
3343,3.9,0.0
3344,-1.1,0.0
3345,2.8,0.0
3346,3.1,0.0
3347,3.0,0.0
3348,4.3,0.0
3349,1.8,0.0
3350,2.5,0.0
3351,3.4,0.0
3352,0.9,0.0
3353,2.9,0.0
3354,2.2,0.0
3355,3.2,0.0
3356,2.0,0.0
3357,3.8,0.0
3358,3.7,0.0
3359,3.4,0.0
3360,2.4,0.0
3361,3.3,0.0
3362,2.0,0.0
3363,3.5,0.0
3364,3.3,0.0
3365,2.8,0.0
3366,3.1,0.0
3367,2.8,0.0
3368,3.8,0.0
3369,4.1,0.0
3370,2.5,0.0
3371,3.8,0.0
3372,3.1,0.0
3373,3.2,0.0
3374,3.3,0.0
3375,3.5,0.0
3376,3.7,0.0
3377,3.1,0.0
3378,3.1,0.0
3379,3.6,0.0
3380,-0.0,0.0
3381,-0.6,0.0
3382,2.4,0.0
3383,0.9,0.0
3384,3.6,0.0
3385,2.8,0.0
3386,3.7,0.0
3387,2.6,0.0
3388,2.2,0.0
3389,1.8,0.0
3390,4.3,0.0
3391,4.3,0.0
3392,3.2,0.0
3393,3.5,0.0
3394,3.2,0.0
3395,3.0,0.0
3396,2.3,0.0
3397,4.0,0.0
3398,3.6,0.0
3399,3.5,0.0
3400,3.1,0.0
3401,2.4,0.0
3402,3.4,0.0
3403,2.5,0.0
3404,3.2,0.0
3405,3.8,0.0
3406,3.7,0.0
3407,2.8,0.0
3408,2.5,0.0
3409,3.0,0.0
3410,4.1,0.0
3411,-1.8,0.0
3412,2.6,0.0
3413,1.0,0.0
3414,2.3,0.0
3415,2.4,0.0
3416,2.3,0.0
3417,2.6,0.0
3418,2.8,0.0
3419,3.8,0.0
3420,2.1,0.0
3421,2.5,0.0
3422,3.5,0.0
3423,3.1,0.0
3424,3.7,0.0
3425,-1.4,0.0
3426,0.8,0.0
3427,1.4,0.0
3428,2.4,0.0
3429,2.8,0.0
3430,2.4,0.0
3431,3.1,0.0
3432,1.7,0.0
3433,3.1,0.0
3434,3.9,0.0
3435,3.9,0.0
3436,2.7,0.0
3437,3.2,0.0
3438,3.9,0.0
3439,2.4,0.0
3440,2.6,0.0
3441,2.9,0.0
3442,3.9,0.0
3443,3.5,0.0
3444,-0.9,0.0
3445,3.2,0.0
3446,-1.4,0.0
3447,3.1,0.0
3448,2.7,0.0
3449,1.6,0.0
3450,3.7,0.0
3451,2.4,0.0
3452,2.9,0.0
3453,2.4,0.0
3454,1.5,0.0
3455,3.1,0.0
3456,3.2,0.0
3457,2.1,0.0
3458,3.0,0.0
3459,3.1,0.0
3460,2.7,0.0
3461,3.5,0.0
3462,1.4,0.0
3463,3.5,0.0
3464,3.4,0.0
3465,2.0,0.0
3466,3.2,0.0
3467,1.7,0.0
3468,3.3,0.0
3469,2.8,0.0
3470,2.3,0.0
3471,2.9,0.0
3472,3.4,0.0
3473,3.4,0.0
3474,3.0,0.0
3475,3.7,0.0
3476,3.2,0.0
3477,-3.9,0.0
3478,-0.8,0.0
3479,-0.1,0.0
3480,0.9,0.0
3481,0.2,0.0
3482,2.2,0.0
3483,2.6,0.0
3484,2.3,0.0
3485,2.7,0.0
3486,1.8,0.0
3487,3.2,0.0
3488,2.4,0.0
3489,2.5,0.0
3490,2.8,0.0
3491,2.8,0.0
3492,2.6,0.0
3493,2.7,0.0
3494,2.1,0.0
3495,1.9,0.0
3496,2.0,0.0
3497,1.8,0.0
3498,2.2,0.0
3499,2.4,0.0
3500,3.4,0.0
3501,2.4,0.0
3502,2.2,0.0
3503,2.1,0.0
3504,2.7,0.0
3505,3.1,0.0
3506,2.7,0.0
3507,1.9,0.0
3508,1.9,0.0
3509,3.0,0.0
3510,1.9,0.0
3511,2.5,0.0
3512,2.2,0.0
3513,3.1,0.0
3514,1.7,0.0
3515,2.8,0.0
3516,3.4,0.0
3517,3.0,0.0
3518,3.0,0.0
3519,-0.1,0.0
3520,1.5,0.0
3521,2.4,0.0
3522,2.6,0.0
3523,2.3,0.0
3524,1.9,0.0
3525,2.5,0.0
3526,3.1,0.0
3527,3.5,0.0
3528,2.7,0.0
3529,3.3,0.0
3530,2.5,0.0
3531,2.7,0.0
3532,2.2,0.0
3533,3.1,0.0
3534,4.2,0.0
3535,3.4,0.0
3536,2.9,0.0
3537,2.9,0.0
3538,2.3,0.0
3539,2.6,0.0
3540,2.5,0.0
3541,2.4,0.0
3542,1.2,0.0
3543,2.3,0.0
3544,2.0,0.0
3545,3.6,0.0
3546,3.7,0.0
3547,1.2,0.0
3548,2.8,0.0
3549,2.9,0.0
3550,3.4,0.0
3551,3.1,0.0
3552,1.7,0.0
3553,2.5,0.0
3554,3.2,0.0
3555,3.3,0.0
3556,3.6,0.0
3557,3.7,0.0
3558,2.6,0.0
3559,2.7,0.0
3560,2.2,0.0
3561,3.0,0.0
3562,2.7,0.0
3563,3.0,0.0
3564,4.2,0.0
3565,3.4,0.0
3566,2.5,0.0
3567,3.5,0.0
3568,2.6,0.0
3569,2.8,0.0
3570,3.0,0.0
3571,3.5,0.0
3572,3.0,0.0
3573,2.7,0.0
3574,3.4,0.0
3575,3.0,0.0
3576,3.1,0.0
3577,1.7,0.0
3578,-2.9,0.0
3579,2.5,0.0
3580,1.8,0.0
3581,-1.7,0.0
3582,4.4,0.0
3583,3.1,0.0
3584,2.2,0.0
3585,3.2,0.0
3586,1.9,0.0
3587,2.9,0.0
3588,2.4,0.0
3589,3.0,0.0
3590,2.8,0.0
3591,3.0,0.0
3592,-0.8,0.0
3593,-1.5,0.0
3594,2.5,0.0
3595,3.7,0.0
3596,3.1,0.0
3597,2.9,0.0
3598,3.1,0.0
3599,4.0,0.0
3600,2.0,0.0
3601,3.8,0.0
3602,3.3,0.0
3603,3.3,0.0
3604,2.6,0.0
3605,3.8,0.0
3606,-1.8,0.0
3607,4.0,0.0
3608,3.7,0.0
3609,2.3,0.0
3610,1.3,0.0
3611,3.9,0.0
3612,2.3,0.0
3613,2.3,0.0
3614,2.9,0.0
3615,3.0,0.0
3616,2.5,0.0
3617,2.6,0.0
3618,3.3,0.0
3619,3.4,0.0
3620,3.6,0.0
3621,3.0,0.0
3622,3.9,0.0
3623,2.7,0.0
3624,3.9,0.0
3625,2.9,0.0
3626,4.0,0.0
3627,2.8,0.0
3628,3.4,0.0
3629,2.9,0.0
3630,2.4,0.0
3631,3.0,0.0
3632,2.8,0.0
3633,3.4,0.0
3634,3.2,0.0
3635,1.3,0.0
3636,2.7,0.0
3637,3.7,0.0
3638,3.7,0.0
3639,-1.4,0.0
3640,3.6,0.0
3641,-0.6,0.0
3642,2.3,0.0
3643,-2.2,0.0
3644,2.1,0.0
3645,3.1,0.0
3646,3.8,0.0
3647,3.8,0.0
3648,2.7,0.0
3649,3.9,0.0
3650,3.9,0.0
3651,3.4,0.0
3652,4.0,0.0
3653,3.6,0.0
3654,2.8,0.0
3655,3.2,0.0
3656,3.8,0.0
3657,2.9,0.0
3658,4.0,0.0
3659,3.8,0.0
3660,3.2,0.0
3661,3.4,0.0
3662,3.4,0.0
3663,0.4,0.0
3664,2.6,0.0
3665,2.2,0.0
3666,3.3,0.0
3667,3.5,0.0
3668,2.6,0.0
3669,2.0,0.0
3670,2.9,0.0
3671,3.8,0.0
3672,2.6,0.0
3673,4.0,0.0
3674,3.2,0.0
3675,3.1,0.0
3676,2.9,0.0
3677,3.2,0.0
3678,3.4,0.0
3679,-1.3,0.0
3680,3.6,0.0
3681,3.0,0.0
3682,2.4,0.0
3683,2.2,0.0
3684,2.5,0.0
3685,1.6,0.0
3686,2.0,0.0
3687,2.8,0.0
3688,3.4,0.0
3689,2.9,0.0
3690,3.7,0.0
3691,2.5,0.0
3692,2.8,0.0
3693,2.6,0.0
3694,3.1,0.0
3695,2.8,0.0
3696,0.0,0.0
3697,3.5,0.0
3698,2.3,0.0
3699,3.2,0.0
3700,2.4,0.0
3701,3.0,0.0
3702,3.1,0.0
3703,3.9,0.0
3704,1.1,0.0
3705,3.5,0.0
3706,3.6,0.0
3707,3.0,0.0
3708,1.2,0.0
3709,1.8,0.0
3710,1.8,0.0
3711,2.4,0.0
3712,3.4,0.0
3713,2.9,0.0
3714,2.0,0.0
3715,2.2,0.0
3716,2.5,0.0
3717,3.3,0.0
3718,3.5,0.0
3719,2.6,0.0
3720,2.9,0.0
3721,3.5,0.0
3722,2.3,0.0
3723,2.2,0.0
3724,2.6,0.0
3725,2.4,0.0
3726,3.7,0.0
3727,3.2,0.0
3728,3.4,0.0
3729,0.1,0.0
3730,-2.9,0.0
3731,3.1,0.0
3732,2.4,0.0
3733,3.4,0.0
3734,2.3,0.0
3735,2.2,0.0
3736,3.3,0.0
3737,2.6,0.0
3738,3.8,0.0
3739,3.1,0.0
3740,3.0,0.0
3741,0.9,0.0
3742,3.8,0.0
3743,4.5,0.0
3744,3.2,0.0
3745,2.7,0.0
3746,4.1,0.0
3747,4.2,0.0
3748,4.1,0.0
3749,2.8,0.0
3750,2.4,0.0
3751,2.5,0.0
3752,3.9,0.0
3753,2.5,0.0
3754,2.4,0.0
3755,2.3,0.0
3756,3.6,0.0
3757,4.4,0.0
3758,2.1,0.0
3759,3.4,0.0
3760,2.6,0.0
3761,3.7,0.0
3762,2.2,0.0
3763,2.5,0.0
3764,3.6,0.0
3765,0.1,0.0
3766,3.2,0.0
3767,4.0,0.0
3768,3.5,0.0
3769,3.0,0.0
3770,3.1,0.0
3771,3.8,0.0
3772,-0.7,0.0
3773,3.7,0.0
3774,3.3,0.0
3775,3.2,0.0
3776,3.3,0.0
3777,-1.5,0.0
3778,2.2,0.0
3779,3.1,0.0
3780,3.6,0.0
3781,3.7,0.0
3782,3.6,0.0
3783,2.9,0.0
3784,3.5,0.0
3785,4.1,0.0
3786,3.1,0.0
3787,3.1,0.0
3788,3.4,0.0
3789,2.3,0.0
3790,2.5,0.0
3791,3.7,0.0
3792,2.9,0.0
3793,3.2,0.0
3794,3.3,0.0
3795,3.6,0.0
3796,3.8,0.0
3797,-1.7,0.0
3798,3.2,0.0
3799,-1.2,0.0
3800,3.7,0.0
3801,3.6,0.0
3802,3.3,0.0
3803,-0.3,0.0
3804,2.9,0.0
3805,3.3,0.0
3806,2.8,0.0
3807,2.7,0.0
3808,1.1,0.0
3809,2.2,0.0
3810,3.5,0.0
3811,2.7,0.0
3812,4.0,0.0
3813,3.9,0.0
3814,2.7,0.0
3815,2.6,0.0
3816,3.6,0.0
3817,3.5,0.0
3818,3.0,0.0
3819,2.3,0.0
3820,1.5,0.0
3821,3.1,0.0
3822,2.8,0.0
3823,1.5,0.0
3824,2.7,0.0
3825,3.4,0.0
3826,4.2,0.0
3827,2.9,0.0
3828,3.7,0.0
3829,1.4,0.0
3830,-1.3,0.0
3831,2.4,0.0
3832,3.4,0.0
3833,3.1,0.0
3834,3.0,0.0
3835,3.8,0.0
3836,3.3,0.0
3837,2.5,0.0
3838,2.8,0.0
3839,2.6,0.0
3840,3.7,0.0
3841,2.2,0.0
3842,3.2,0.0
3843,3.7,0.0
3844,3.8,0.0
3845,3.2,0.0
3846,2.7,0.0
3847,3.2,0.0
3848,3.4,0.0
3849,4.2,0.0
3850,3.0,0.0
3851,3.3,0.0
3852,2.2,0.0
3853,0.5,0.0
3854,2.8,0.0
3855,2.9,0.0
3856,3.7,0.0
3857,2.2,0.0
3858,2.7,0.0
3859,3.1,0.0
3860,-1.3,0.0
3861,3.7,0.0
3862,3.1,0.0
3863,-2.1,0.0
3864,2.9,0.0
3865,-1.2,0.0
3866,-0.3,0.0
3867,-0.5,0.0
3868,2.1,0.0
3869,1.9,0.0
3870,2.8,0.0
3871,0.7,0.0
3872,2.9,0.0
3873,-1.6,0.0
3874,1.4,0.0
3875,2.8,0.0
3876,2.7,0.0
3877,3.2,0.0
3878,3.2,0.0
3879,3.1,0.0
3880,2.8,0.0
3881,3.3,0.0
3882,1.9,0.0
3883,3.1,0.0
3884,2.0,0.0
3885,3.2,0.0
3886,2.1,0.0
3887,3.5,0.0
3888,3.3,0.0
3889,-2.0,0.0
3890,2.7,0.0
3891,3.1,0.0
3892,2.4,0.0
3893,2.6,0.0
3894,3.1,0.0
3895,2.4,0.0
3896,2.4,0.0
3897,3.2,0.0
3898,2.7,0.0
3899,3.3,0.0
3900,3.5,0.0
3901,4.2,0.0
3902,3.9,0.0
3903,2.3,0.0
3904,3.4,0.0
3905,3.1,0.0
3906,2.8,0.0
3907,3.0,0.0
3908,3.6,0.0
3909,3.8,0.0
3910,1.9,0.0
3911,3.2,0.0
3912,4.4,0.0
3913,2.9,0.0
3914,2.0,0.0
3915,3.2,0.0
3916,3.2,0.0
3917,3.4,0.0
3918,1.3,0.0
3919,2.3,0.0
3920,2.3,0.0
3921,3.1,0.0
3922,2.7,0.0
3923,1.9,0.0
3924,3.3,0.0
3925,3.4,0.0
3926,3.5,0.0
3927,3.3,0.0
3928,3.2,0.0
3929,2.4,0.0
3930,3.6,0.0
3931,3.3,0.0
3932,3.7,0.0
3933,3.0,0.0
3934,1.1,0.0
3935,2.4,0.0
3936,3.0,0.0
3937,3.4,0.0
3938,3.2,0.0
3939,3.1,0.0
3940,3.2,0.0
3941,2.4,0.0
3942,2.7,0.0
3943,3.4,0.0
3944,1.1,0.0
3945,2.9,0.0
3946,2.5,0.0
3947,3.6,0.0
3948,3.7,0.0
3949,3.3,0.0
3950,2.9,0.0
3951,2.3,0.0
3952,2.8,0.0
3953,3.9,0.0
3954,-1.5,0.0
3955,-1.4,0.0
3956,3.6,0.0
3957,2.9,0.0
3958,3.2,0.0
3959,3.4,0.0
3960,2.4,0.0
3961,4.3,0.0
3962,3.2,0.0
3963,3.8,0.0
3964,3.2,0.0
3965,4.0,0.0
3966,3.5,0.0
3967,3.2,0.0
3968,3.2,0.0
3969,3.3,0.0
3970,4.0,0.0
3971,3.3,0.0
3972,2.6,0.0
3973,3.2,0.0
3974,3.0,0.0
3975,-0.4,0.0
3976,3.0,0.0
3977,2.9,0.0
3978,3.1,0.0
3979,3.0,0.0
3980,2.8,0.0
3981,3.8,0.0
3982,-0.5,0.0
3983,-1.3,0.0
3984,0.8,0.0
3985,3.5,0.0
3986,2.3,0.0
3987,3.4,0.0
3988,2.7,0.0
3989,3.2,0.0
3990,3.7,0.0
3991,3.7,0.0
3992,4.2,0.0
3993,2.9,0.0
3994,2.3,0.0
3995,3.8,0.0
3996,2.9,0.0
3997,3.8,0.0
3998,3.4,0.0
3999,3.8,0.0
4000,2.4,0.0
4001,2.9,0.0
4002,3.2,0.0
4003,3.3,0.0
4004,3.2,0.0
4005,3.6,0.0
4006,3.6,0.0
4007,4.0,0.0
4008,2.5,0.0
4009,2.8,0.0
4010,4.1,0.0
4011,2.8,0.0
4012,3.9,0.0
4013,3.8,0.0
4014,3.7,0.0
4015,3.5,0.0
4016,3.3,0.0
4017,3.6,0.0
4018,3.8,0.0
4019,2.0,0.0
4020,3.0,0.0
4021,3.3,0.0
4022,2.7,0.0
4023,2.6,0.0
4024,3.2,0.0
4025,2.8,0.0
4026,3.6,0.0
4027,3.3,0.0
4028,3.6,0.0
4029,3.0,0.0
4030,3.5,0.0
4031,3.8,0.0
4032,2.6,0.0
4033,3.8,0.0
4034,3.1,0.0
4035,-0.9,0.0
4036,2.9,0.0
4037,3.0,0.0
4038,2.3,0.0
4039,2.4,0.0
4040,3.1,0.0
4041,1.9,0.0
4042,2.7,0.0
4043,2.2,0.0
4044,2.8,0.0
4045,2.5,0.0
4046,3.0,0.0
4047,1.4,0.0
4048,2.3,0.0
4049,3.5,0.0
4050,3.3,0.0
4051,1.4,0.0
4052,-0.4,0.0
4053,2.4,0.0
4054,3.4,0.0
4055,2.5,0.0
4056,1.6,0.0
4057,3.5,0.0
4058,2.9,0.0
4059,2.5,0.0
4060,3.0,0.0
4061,2.5,0.0
4062,3.9,0.0
4063,2.5,0.0
4064,3.5,0.0
4065,3.1,0.0
4066,3.3,0.0
4067,3.3,0.0
4068,3.5,0.0
4069,2.9,0.0
4070,2.5,0.0
4071,-1.9,0.0
4072,2.4,0.0
4073,3.4,0.0
4074,4.0,0.0
4075,3.7,0.0
4076,3.6,0.0
4077,4.1,0.0
4078,2.4,0.0
4079,3.5,0.0
4080,3.9,0.0
4081,4.3,0.0
4082,3.7,0.0
4083,2.4,0.0
4084,2.9,0.0
4085,2.9,0.0
4086,2.8,0.0
4087,3.1,0.0
4088,3.6,0.0
4089,3.0,0.0
4090,3.3,0.0
4091,3.3,0.0
4092,2.1,0.0
4093,3.2,0.0
4094,-0.2,0.0
4095,3.4,0.0
4096,3.2,0.0
4097,1.6,0.0
4098,2.6,0.0
4099,3.1,0.0
4100,2.8,0.0
4101,4.0,0.0
4102,3.0,0.0
4103,3.3,0.0
4104,3.5,0.0
4105,4.2,0.0
4106,2.3,0.0
4107,3.2,0.0
4108,3.4,0.0
4109,2.6,0.0
4110,3.1,0.0
4111,2.6,0.0
4112,3.1,0.0
4113,-1.4,0.0
4114,2.5,0.0
4115,3.3,0.0
4116,3.5,0.0
4117,2.7,0.0
4118,1.8,0.0
4119,2.2,0.0
4120,2.9,0.0
4121,2.5,0.0
4122,3.8,0.0
4123,3.9,0.0
4124,2.0,0.0
4125,1.8,0.0
4126,2.2,0.0
4127,3.4,0.0
4128,-2.9,0.0
4129,-1.6,0.0
4130,2.1,0.0
4131,3.7,0.0
4132,2.8,0.0
4133,2.4,0.0
4134,2.7,0.0
4135,-0.0,0.0
4136,2.7,0.0
4137,4.1,0.0
4138,3.6,0.0
4139,-1.1,0.0
4140,2.2,0.0
4141,-1.8,0.0
4142,3.5,0.0
4143,3.8,0.0
4144,3.7,0.0
4145,2.6,0.0
4146,-0.2,0.0
4147,2.7,0.0
4148,3.5,0.0
4149,4.3,0.0
4150,2.4,0.0
4151,-1.0,0.0
4152,2.1,0.0
4153,3.2,0.0
4154,4.0,0.0
4155,3.7,0.0
4156,3.1,0.0
4157,3.5,0.0
4158,3.7,0.0
4159,3.3,0.0
4160,3.3,0.0
4161,2.8,0.0
4162,3.8,0.0
4163,3.6,0.0
4164,2.6,0.0
4165,4.5,0.0
4166,1.4,0.0
4167,2.8,0.0
4168,1.0,0.0
4169,-1.0,0.0
4170,0.3,0.0
4171,1.0,0.0
4172,3.3,0.0
4173,1.9,0.0
4174,1.7,0.0
4175,3.1,0.0
4176,2.6,0.0
4177,3.2,0.0
4178,1.2,0.0
4179,3.1,0.0
4180,2.0,0.0
4181,3.4,0.0
4182,2.9,0.0
4183,4.0,0.0
4184,2.9,0.0
4185,3.4,0.0
4186,3.0,0.0
4187,3.4,0.0
4188,2.7,0.0
4189,2.9,0.0
4190,1.5,0.0
4191,3.0,0.0
4192,1.0,0.0
4193,-1.0,0.0
4194,3.9,0.0
4195,2.0,0.0
4196,1.9,0.0
4197,3.7,0.0
4198,2.3,0.0
4199,3.5,0.0
4200,3.7,0.0
4201,1.7,0.0
4202,3.3,0.0
4203,2.5,0.0
4204,3.7,0.0
4205,4.3,0.0
4206,4.0,0.0
4207,2.6,0.0
4208,3.0,0.0
4209,3.4,0.0
4210,3.5,0.0
4211,2.2,0.0
4212,2.6,0.0
4213,3.0,0.0
4214,3.2,0.0
4215,2.8,0.0
4216,2.2,0.0
4217,3.2,0.0
4218,3.9,0.0
4219,2.6,0.0
4220,2.9,0.0
4221,3.3,0.0
4222,2.4,0.0
4223,3.0,0.0
4224,3.6,0.0
4225,2.7,0.0
4226,3.0,0.0
4227,3.1,0.0
4228,3.1,0.0
4229,2.5,0.0
4230,2.9,0.0
4231,3.4,0.0
4232,3.5,0.0
4233,3.7,0.0
4234,3.6,0.0
4235,3.8,0.0
4236,2.5,0.0
4237,2.9,0.0
4238,3.3,0.0
4239,4.0,0.0
4240,3.3,0.0
4241,3.8,0.0
4242,2.8,0.0
4243,4.2,0.0
4244,2.9,0.0
4245,2.0,0.0
4246,2.7,0.0
4247,3.5,0.0
4248,2.3,0.0
4249,3.3,0.0
4250,2.4,0.0
4251,2.8,0.0
4252,2.3,0.0
4253,-1.5,0.0
4254,3.6,0.0
4255,1.2,0.0
4256,3.8,0.0
4257,4.2,0.0
4258,2.7,0.0
4259,2.8,0.0
4260,3.0,0.0
4261,3.1,0.0
4262,2.9,0.0
4263,2.5,0.0
4264,3.5,0.0
4265,3.0,0.0
4266,2.0,0.0
4267,2.6,0.0
4268,3.3,0.0
4269,3.8,0.0
4270,3.2,0.0
4271,2.3,0.0
4272,0.0,0.0
4273,-1.0,0.0
4274,1.6,0.0
4275,-1.7,0.0
4276,3.8,0.0
4277,3.7,0.0
4278,2.6,0.0
4279,-1.2,0.0
4280,2.8,0.0
4281,2.3,0.0
4282,2.1,0.0
4283,3.2,0.0
4284,3.7,0.0
4285,1.5,0.0
4286,3.2,0.0
4287,3.8,0.0
4288,-1.3,0.0
4289,3.3,0.0
4290,3.0,0.0
4291,2.8,0.0
4292,2.9,0.0
4293,2.5,0.0
4294,2.4,0.0
4295,3.4,0.0
4296,3.6,0.0
4297,3.7,0.0
4298,2.3,0.0
4299,3.7,0.0
4300,0.3,0.0
4301,2.5,0.0
4302,1.9,0.0
4303,1.2,0.0
4304,1.5,0.0
4305,2.0,0.0
4306,2.3,0.0
4307,3.7,0.0
4308,2.3,0.0
4309,2.6,0.0
4310,0.3,0.0
4311,2.5,0.0
4312,2.6,0.0
4313,3.8,0.0
4314,2.9,0.0
4315,4.1,0.0
4316,3.3,0.0
4317,3.6,0.0
4318,3.5,0.0
4319,3.7,0.0
4320,2.9,0.0
4321,3.1,0.0
4322,3.5,0.0
4323,3.0,0.0
4324,3.0,0.0
4325,3.9,0.0
4326,3.6,0.0
4327,3.0,0.0
4328,3.4,0.0
4329,2.8,0.0
4330,3.4,0.0
4331,2.9,0.0
4332,3.6,0.0
4333,-2.9,0.0
4334,2.8,0.0
4335,3.1,0.0
4336,2.7,0.0
4337,1.5,0.0
4338,2.3,0.0
4339,3.8,0.0
4340,3.2,0.0
4341,2.6,0.0
4342,3.9,0.0
4343,2.5,0.0
4344,1.7,0.0
4345,3.9,0.0
4346,3.7,0.0
4347,3.4,0.0
4348,3.1,0.0
4349,3.2,0.0
4350,2.9,0.0
4351,2.3,0.0
4352,2.2,0.0
4353,2.6,0.0
4354,-1.2,0.0
4355,1.3,0.0
4356,1.0,0.0
4357,1.7,0.0
4358,-1.6,0.0
4359,2.7,0.0
4360,2.4,0.0
4361,3.2,0.0
4362,2.3,0.0
4363,2.4,0.0
4364,2.7,0.0
4365,3.4,0.0
4366,3.0,0.0
4367,2.3,0.0
4368,3.2,0.0
4369,2.8,0.0
4370,2.0,0.0
4371,2.2,0.0
4372,-2.1,0.0
4373,-1.4,0.0
4374,2.8,0.0
4375,2.1,0.0
4376,2.4,0.0
4377,3.7,0.0
4378,3.3,0.0
4379,-0.4,0.0
4380,-1.0,0.0
4381,2.9,0.0
4382,3.5,0.0
4383,3.3,0.0
4384,2.4,0.0
4385,4.3,0.0
4386,3.2,0.0
4387,3.1,0.0
4388,3.1,0.0
4389,4.0,0.0
4390,3.7,0.0
4391,2.6,0.0
4392,3.7,0.0
4393,2.9,0.0
4394,2.9,0.0
4395,1.1,0.0
4396,3.6,0.0
4397,-1.8,0.0
4398,0.6,0.0
4399,1.3,0.0
4400,4.1,0.0
4401,3.6,0.0
4402,2.9,0.0
4403,3.7,0.0
4404,2.6,0.0
4405,3.1,0.0
4406,2.0,0.0
4407,3.7,0.0
4408,3.6,0.0
4409,3.2,0.0
4410,2.6,0.0
4411,2.5,0.0
4412,2.1,0.0
4413,3.0,0.0
4414,3.0,0.0
4415,1.8,0.0
4416,0.4,0.0
4417,1.3,0.0
4418,1.6,0.0
4419,3.4,0.0
4420,2.6,0.0
4421,3.0,0.0
4422,-0.3,0.0
4423,3.4,0.0
4424,2.4,0.0
4425,3.4,0.0
4426,2.1,0.0
4427,2.1,0.0
4428,2.0,0.0
4429,2.7,0.0
4430,-1.2,0.0
4431,1.3,0.0
4432,1.8,0.0
4433,1.3,0.0
4434,2.6,0.0
4435,1.8,0.0
4436,1.6,0.0
4437,3.8,0.0
4438,1.1,0.0
4439,1.9,0.0
4440,0.8,0.0
4441,4.2,0.0
4442,3.6,0.0
4443,1.7,0.0
4444,2.2,0.0
4445,2.0,0.0
4446,0.9,0.0
4447,1.8,0.0
4448,3.8,0.0
4449,3.5,0.0
4450,2.2,0.0
4451,2.6,0.0
4452,1.4,0.0
4453,-0.8,0.0
4454,2.2,0.0
4455,3.2,0.0
4456,1.9,0.0
4457,2.4,0.0
4458,2.0,0.0
4459,2.2,0.0
4460,1.7,0.0
4461,2.4,0.0
4462,2.5,0.0
4463,2.0,0.0
4464,1.8,0.0
4465,2.1,0.0
4466,1.7,0.0
4467,1.8,0.0
4468,3.1,0.0
4469,2.2,0.0
4470,2.4,0.0
4471,2.4,0.0
4472,2.8,0.0
4473,3.6,0.0
4474,2.6,0.0
4475,2.4,0.0
4476,2.3,0.0
4477,2.2,0.0
4478,1.9,0.0
4479,2.4,0.0
4480,2.5,0.0
4481,-0.8,0.0
4482,1.7,0.0
4483,2.4,0.0
4484,3.8,0.0
4485,3.8,0.0
4486,2.7,0.0
4487,3.7,0.0
4488,1.7,0.0
4489,2.6,0.0
4490,1.7,0.0
4491,3.1,0.0
4492,3.6,0.0
4493,1.7,0.0
4494,2.8,0.0
4495,2.3,0.0
4496,3.5,0.0
4497,3.5,0.0
4498,3.8,0.0
4499,1.2,0.0
4500,0.4,0.0
4501,1.9,0.0
4502,2.0,0.0
4503,2.4,0.0
4504,2.2,0.0
4505,2.9,0.0
4506,2.1,0.0
4507,2.6,0.0
4508,2.2,0.0
4509,1.2,0.0
4510,1.7,0.0
4511,3.2,0.0
4512,2.9,0.0
4513,1.5,0.0
4514,2.9,0.0
4515,1.7,0.0
4516,1.6,0.0
4517,2.1,0.0
4518,3.0,0.0
4519,3.1,0.0
4520,3.6,0.0
4521,3.0,0.0
4522,3.0,0.0
4523,2.2,0.0
4524,3.5,0.0
4525,2.8,0.0
4526,2.1,0.0
4527,1.3,0.0
4528,2.2,0.0
4529,1.6,0.0
4530,2.9,0.0
4531,3.0,0.0
4532,1.4,0.0
4533,2.2,0.0
4534,3.9,0.0
4535,3.3,0.0
4536,2.0,0.0
4537,3.2,0.0
4538,3.2,0.0
4539,1.5,0.0
4540,0.7,0.0
4541,1.1,0.0
4542,-0.4,0.0
4543,3.5,0.0
4544,1.7,0.0
4545,2.9,0.0
4546,2.1,0.0
4547,2.9,0.0
4548,2.1,0.0
4549,2.6,0.0
4550,1.1,0.0
4551,3.0,0.0
4552,2.7,0.0
4553,2.9,0.0
4554,2.5,0.0
4555,3.3,0.0
4556,2.2,0.0
4557,1.7,0.0
4558,1.7,0.0
4559,3.4,0.0
4560,2.5,0.0
4561,1.1,0.0
4562,2.6,0.0
4563,2.7,0.0
4564,5.7,0.0
4565,2.4,0.0
4566,2.1,0.0
4567,2.8,0.0
4568,3.8,0.0
4569,3.0,0.0
4570,2.1,0.0
4571,2.2,0.0
4572,1.5,0.0
4573,2.5,0.0
4574,3.6,0.0
4575,3.0,0.0
4576,2.1,0.0
4577,3.6,0.0
4578,2.9,0.0
4579,3.2,0.0
4580,2.1,0.0
4581,2.8,0.0
4582,1.8,0.0
4583,3.1,0.0
4584,1.9,0.0
4585,2.0,0.0
4586,2.7,0.0
4587,3.2,0.0
4588,2.5,0.0
4589,3.3,0.0
4590,0.9,0.0
4591,2.4,0.0
4592,1.3,0.0
4593,0.7,0.0
4594,2.8,0.0
4595,-1.9,0.0
4596,4.1,0.0
4597,1.9,0.0
4598,2.8,0.0
4599,2.2,0.0
4600,2.3,0.0
4601,2.6,0.0
4602,2.8,0.0
4603,0.3,0.0
4604,2.8,0.0
4605,3.4,0.0
4606,3.5,0.0
4607,2.3,0.0
4608,2.2,0.0
4609,3.1,0.0
4610,2.2,0.0
4611,2.0,0.0
4612,3.7,0.0
4613,3.2,0.0
4614,2.5,0.0
4615,3.0,0.0
4616,2.0,0.0
4617,0.8,0.0
4618,4.0,0.0
4619,1.7,0.0
4620,2.5,0.0
4621,4.0,0.0
4622,2.4,0.0
4623,3.1,0.0
4624,2.1,0.0
4625,2.5,0.0
4626,3.4,0.0
4627,2.4,0.0
4628,3.3,0.0
4629,3.6,0.0
4630,2.9,0.0
4631,2.6,0.0
4632,3.6,0.0
4633,2.7,0.0
4634,3.7,0.0
4635,1.6,0.0
4636,3.5,0.0
4637,2.7,0.0
4638,4.1,0.0
4639,3.8,0.0
4640,0.8,0.0
4641,2.8,0.0
4642,1.8,0.0
4643,2.8,0.0
4644,2.6,0.0
4645,2.8,0.0
4646,2.7,0.0
4647,3.6,0.0
4648,3.1,0.0
4649,3.6,0.0
4650,3.6,0.0
4651,3.5,0.0
4652,3.6,0.0
4653,3.5,0.0
4654,2.2,0.0
4655,2.4,0.0
4656,3.6,0.0
4657,2.2,0.0
4658,3.1,0.0
4659,2.5,0.0
4660,1.3,0.0
4661,3.0,0.0
4662,2.0,0.0
4663,1.7,0.0
4664,2.8,0.0
4665,3.6,0.0
4666,4.0,0.0
4667,-2.1,0.0
4668,1.3,0.0
4669,3.0,0.0
4670,4.1,0.0
4671,3.0,0.0
4672,0.7,0.0
4673,4.4,0.0
4674,2.7,0.0
4675,3.7,0.0
4676,4.0,0.0
4677,4.0,0.0
4678,2.8,0.0
4679,2.4,0.0
4680,2.4,0.0
4681,3.0,0.0
4682,1.6,0.0
4683,2.9,0.0
4684,4.0,0.0
4685,2.7,0.0
4686,2.5,0.0
4687,2.7,0.0
4688,1.2,0.0
4689,-2.6,0.0
4690,2.4,0.0
4691,2.8,0.0
4692,2.0,0.0
4693,1.9,0.0
4694,3.4,0.0
4695,2.3,0.0
4696,2.3,0.0
4697,2.1,0.0
4698,1.2,0.0
4699,2.7,0.0
4700,0.6,0.0
4701,2.4,0.0
4702,3.5,0.0
4703,3.5,0.0
4704,2.1,0.0
4705,1.7,0.0
4706,1.7,0.0
4707,1.9,0.0
4708,2.4,0.0
4709,2.6,0.0
4710,3.3,0.0
4711,2.3,0.0
4712,-0.8,0.0
4713,1.9,0.0
4714,2.5,0.0
4715,1.5,0.0
4716,2.9,0.0
4717,3.7,0.0
4718,3.2,0.0
4719,2.3,0.0
4720,2.6,0.0
4721,1.8,0.0
4722,3.3,0.0
4723,2.6,0.0
4724,1.2,0.0
4725,3.1,0.0
4726,1.0,0.0
4727,2.8,0.0
4728,3.3,0.0
4729,3.1,0.0
4730,2.8,0.0
4731,2.4,0.0
4732,2.0,0.0
4733,2.3,0.0
4734,-1.5,0.0
4735,2.9,0.0
4736,2.4,0.0
4737,3.1,0.0
4738,2.2,0.0
4739,2.3,0.0
4740,2.4,0.0
4741,2.5,0.0
4742,3.6,0.0
4743,2.3,0.0
4744,2.7,0.0
4745,2.7,0.0
4746,2.2,0.0
4747,3.6,0.0
4748,3.3,0.0
4749,3.0,0.0
4750,2.7,0.0
4751,2.9,0.0
4752,2.8,0.0
4753,2.4,0.0
4754,2.9,0.0
4755,2.8,0.0
4756,-1.3,0.0
4757,3.2,0.0
4758,3.9,0.0
4759,2.6,0.0
4760,3.2,0.0
4761,2.1,0.0
4762,2.1,0.0
4763,2.1,0.0
4764,-2.6,0.0
4765,2.2,0.0
4766,3.6,0.0
4767,2.8,0.0
4768,3.0,0.0
4769,1.7,0.0
4770,2.5,0.0
4771,2.5,0.0
4772,2.2,0.0
4773,1.9,0.0
4774,1.8,0.0
4775,-1.3,0.0
4776,3.1,0.0
4777,2.1,0.0
4778,2.6,0.0
4779,0.7,0.0
4780,2.6,0.0
4781,2.4,0.0
4782,2.0,0.0
4783,3.4,0.0
4784,1.8,0.0
4785,0.6,0.0
4786,3.5,0.0
4787,3.2,0.0
4788,2.4,0.0
4789,3.6,0.0
4790,2.9,0.0
4791,2.1,0.0
4792,2.1,0.0
4793,2.4,0.0
4794,2.9,0.0
4795,2.6,0.0
4796,3.3,0.0
4797,1.4,0.0
4798,2.1,0.0
4799,-1.7,0.0
4800,3.2,0.0
4801,2.2,0.0
4802,3.5,0.0
4803,1.2,0.0
4804,1.5,0.0
4805,3.1,0.0
4806,1.9,0.0
4807,2.1,0.0
4808,2.4,0.0
4809,1.7,0.0
4810,0.1,0.0
4811,2.9,0.0
4812,1.7,0.0
4813,3.4,0.0
4814,2.2,0.0
4815,1.6,0.0
4816,1.3,0.0
4817,3.3,0.0
4818,2.3,0.0
4819,3.2,0.0
4820,2.5,0.0
4821,3.6,0.0
4822,2.4,0.0
4823,3.5,0.0
4824,2.2,0.0
4825,3.2,0.0
4826,1.8,0.0
4827,2.7,0.0
4828,1.6,0.0
4829,2.2,0.0
4830,3.4,0.0
4831,3.0,0.0
4832,2.6,0.0
4833,2.2,0.0
4834,3.9,0.0
4835,3.5,0.0
4836,3.8,0.0
4837,3.5,0.0
4838,1.0,0.0
4839,2.9,0.0
4840,2.5,0.0
4841,2.4,0.0
4842,-1.2,0.0
4843,-1.9,0.0
4844,-1.6,0.0
4845,-0.6,0.0
4846,0.6,0.0
4847,1.5,0.0
4848,2.7,0.0
4849,2.1,0.0
4850,2.1,0.0
4851,-0.6,0.0
4852,2.4,0.0
4853,2.4,0.0
4854,2.9,0.0
4855,2.3,0.0
4856,2.7,0.0
4857,3.1,0.0
4858,2.7,0.0
4859,2.3,0.0
4860,2.1,0.0
4861,1.5,0.0
4862,3.0,0.0
4863,3.4,0.0
4864,3.0,0.0
4865,2.8,0.0
4866,2.7,0.0
4867,3.4,0.0
4868,3.4,0.0
4869,2.9,0.0
4870,3.3,0.0
4871,3.1,0.0
4872,1.8,0.0
4873,2.8,0.0
4874,3.5,0.0
4875,2.9,0.0
4876,3.0,0.0
4877,3.0,0.0
4878,3.4,0.0
4879,2.8,0.0
4880,2.5,0.0
4881,3.0,0.0
4882,2.4,0.0
4883,3.8,0.0
4884,3.1,0.0
4885,3.3,0.0
4886,2.1,0.0
4887,2.9,0.0
4888,3.8,0.0
4889,2.6,0.0
4890,2.0,0.0
4891,-3.2,0.0
4892,3.0,0.0
4893,1.3,0.0
4894,3.4,0.0
4895,3.9,0.0
4896,2.9,0.0
4897,3.8,0.0
4898,3.3,0.0
4899,3.0,0.0
4900,2.8,0.0
4901,3.7,0.0
4902,3.5,0.0
4903,3.1,0.0
4904,2.5,0.0
4905,1.8,0.0
4906,2.9,0.0
4907,3.2,0.0
4908,3.5,0.0
4909,4.1,0.0
4910,3.3,0.0
4911,1.4,0.0
4912,3.8,0.0
4913,2.5,0.0
4914,1.6,0.0
4915,1.6,0.0
4916,2.3,0.0
4917,4.0,0.0
4918,2.9,0.0
4919,2.0,0.0
4920,1.2,0.0
4921,3.0,0.0
4922,2.5,0.0
4923,2.7,0.0
4924,2.0,0.0
4925,2.4,0.0
4926,2.0,0.0
4927,1.5,0.0
4928,3.8,0.0
4929,3.0,0.0
4930,4.0,0.0
4931,3.9,0.0
4932,1.9,0.0
4933,3.3,0.0
4934,3.5,0.0
4935,1.9,0.0
4936,3.5,0.0
4937,3.0,0.0
4938,1.9,0.0
4939,3.9,0.0
4940,2.8,0.0
4941,3.5,0.0
4942,2.5,0.0
4943,-3.0,0.0
4944,2.5,0.0
4945,-1.4,0.0
4946,2.1,0.0
4947,3.6,0.0
4948,3.4,0.0
4949,2.2,0.0
4950,0.3,0.0
4951,3.3,0.0
4952,4.0,0.0
4953,2.9,0.0
4954,3.2,0.0
4955,1.6,0.0
4956,3.6,0.0
4957,2.6,0.0
4958,2.7,0.0
4959,0.3,0.0
4960,3.3,0.0
4961,2.4,0.0
4962,1.7,0.0
4963,3.5,0.0
4964,2.7,0.0
4965,2.9,0.0
4966,3.2,0.0
4967,2.3,0.0
4968,3.2,0.0
4969,2.9,0.0
4970,2.1,0.0
4971,2.8,0.0
4972,1.7,0.0
4973,2.7,0.0
4974,3.2,0.0
4975,2.0,0.0
4976,1.8,0.0
4977,3.6,0.0
4978,1.7,0.0
4979,1.2,0.0
4980,0.9,0.0
4981,2.8,0.0
4982,2.5,0.0
4983,1.4,0.0
4984,1.5,0.0
4985,4.0,0.0
4986,1.8,0.0
4987,3.6,0.0
4988,3.5,0.0
4989,2.9,0.0
4990,2.8,0.0
4991,5.0,0.0
4992,2.2,0.0
4993,2.1,0.0
4994,4.5,0.0
4995,0.7,0.0
4996,3.3,0.0
4997,3.7,0.0
4998,2.8,0.0
4999,3.1,0.0
5000,2.0,0.0
5001,2.3,0.0
5002,2.3,0.0
5003,2.0,0.0
5004,3.7,0.0
5005,2.0,0.0
5006,2.8,0.0
5007,3.0,0.0
5008,2.6,0.0
5009,2.2,0.0
5010,3.5,0.0
5011,2.3,0.0
5012,3.2,0.0
5013,3.5,0.0
5014,2.5,0.0
5015,3.3,0.0
5016,3.0,0.0
5017,3.3,0.0
5018,1.8,0.0
5019,2.5,0.0
5020,3.9,0.0
5021,-0.5,0.0
5022,-0.4,0.0
5023,2.3,0.0
5024,2.6,0.0
5025,1.9,0.0
5026,2.7,0.0
5027,1.4,0.0
5028,3.6,0.0
5029,3.5,0.0
5030,3.2,0.0
5031,2.5,0.0
5032,0.9,0.0
5033,3.5,0.0
5034,1.3,0.0
5035,2.1,0.0
5036,3.2,0.0
5037,2.3,0.0
5038,3.8,0.0
5039,1.7,0.0
5040,3.1,0.0
5041,3.2,0.0
5042,2.9,0.0
5043,2.6,0.0
5044,1.2,0.0
5045,0.7,0.0
5046,1.7,0.0
5047,2.8,0.0
5048,3.0,0.0
5049,3.9,0.0
5050,3.2,0.0
5051,3.0,0.0
5052,3.3,0.0
5053,3.0,0.0
5054,3.7,0.0
5055,2.0,0.0
5056,3.4,0.0
5057,3.0,0.0
5058,3.4,0.0
5059,2.8,0.0
5060,3.1,0.0
5061,4.0,0.0
5062,1.8,0.0
5063,1.4,0.0
5064,2.8,0.0
5065,3.4,0.0
5066,2.7,0.0
5067,2.3,0.0
5068,2.7,0.0
5069,3.7,0.0
5070,2.7,0.0
5071,4.1,0.0
5072,4.1,0.0
5073,2.9,0.0
5074,2.0,0.0
5075,2.6,0.0
5076,2.6,0.0
5077,3.6,0.0
5078,3.9,0.0
5079,3.0,0.0
5080,2.2,0.0
5081,2.9,0.0
5082,2.4,0.0
5083,1.5,0.0
5084,3.3,0.0
5085,3.0,0.0
5086,4.2,0.0
5087,3.1,0.0
5088,2.2,0.0
5089,2.3,0.0
5090,-0.8,0.0
5091,1.6,0.0
5092,4.0,0.0
5093,3.3,0.0
5094,3.5,0.0
5095,4.0,0.0
5096,3.7,0.0
5097,2.6,0.0
5098,3.3,0.0
5099,3.1,0.0
5100,1.8,0.0
5101,2.8,0.0
5102,3.2,0.0
5103,3.6,0.0
5104,3.8,0.0
5105,2.3,0.0
5106,2.5,0.0
5107,1.9,0.0
5108,3.8,0.0
5109,2.6,0.0
5110,3.4,0.0
5111,-0.4,0.0
5112,2.8,0.0
5113,3.1,0.0
5114,3.6,0.0
5115,2.9,0.0
5116,3.8,0.0
5117,3.5,0.0
5118,2.2,0.0
5119,3.5,0.0
5120,2.8,0.0
5121,2.8,0.0
5122,2.5,0.0
5123,3.5,0.0
5124,3.3,0.0
5125,3.9,0.0
5126,3.3,0.0
5127,2.9,0.0
5128,3.3,0.0
5129,4.0,0.0
5130,3.0,0.0
5131,3.1,0.0
5132,2.4,0.0
5133,2.4,0.0
5134,2.0,0.0
5135,3.4,0.0
5136,3.0,0.0
5137,3.3,0.0
5138,3.4,0.0
5139,2.7,0.0
5140,1.7,0.0
5141,3.9,0.0
5142,4.1,0.0
5143,3.3,0.0
5144,3.0,0.0
5145,1.9,0.0
5146,3.7,0.0
5147,3.2,0.0
5148,3.8,0.0
5149,4.0,0.0
5150,2.6,0.0
5151,3.2,0.0
5152,1.7,0.0
5153,3.0,0.0
5154,-0.9,0.0
5155,2.4,0.0
5156,2.7,0.0
5157,3.2,0.0
5158,2.4,0.0
5159,2.1,0.0
5160,2.5,0.0
5161,3.5,0.0
5162,2.1,0.0
5163,2.7,0.0
5164,1.9,0.0
5165,2.5,0.0
5166,3.4,0.0
5167,3.1,0.0
5168,-0.6,0.0
5169,1.9,0.0
5170,2.8,0.0
5171,3.5,0.0
5172,1.3,0.0
5173,3.0,0.0
5174,1.9,0.0
5175,2.6,0.0
5176,3.3,0.0
5177,3.5,0.0
5178,2.3,0.0
5179,2.2,0.0
5180,4.2,0.0
5181,3.8,0.0
5182,3.1,0.0
5183,3.7,0.0
5184,2.4,0.0
5185,3.5,0.0
5186,3.8,0.0
5187,2.7,0.0
5188,3.8,0.0
5189,3.2,0.0
5190,4.1,0.0
5191,2.7,0.0
5192,3.4,0.0
5193,3.6,0.0
5194,4.1,0.0
5195,3.2,0.0
5196,4.1,0.0
5197,3.0,0.0
5198,2.1,0.0
5199,3.6,0.0
5200,2.6,0.0
5201,2.2,0.0
5202,2.8,0.0
5203,4.0,0.0
5204,3.0,0.0
5205,2.7,0.0
5206,3.5,0.0
5207,2.6,0.0
5208,3.6,0.0
5209,2.2,0.0
5210,3.7,0.0
5211,2.4,0.0
5212,3.6,0.0
5213,3.4,0.0
5214,4.0,0.0
5215,3.8,0.0
5216,2.4,0.0
5217,2.3,0.0
5218,1.9,0.0
5219,3.6,0.0
5220,1.6,0.0
5221,3.6,0.0
5222,3.7,0.0
5223,3.0,0.0
5224,3.1,0.0
5225,3.0,0.0
5226,3.0,0.0
5227,3.6,0.0
5228,1.9,0.0
5229,3.4,0.0
5230,2.7,0.0
5231,2.6,0.0
5232,1.9,0.0
5233,2.3,0.0
5234,1.5,0.0
5235,3.9,0.0
5236,3.2,0.0
5237,2.6,0.0
5238,1.7,0.0
5239,2.3,0.0
5240,-2.0,0.0
5241,2.3,0.0
5242,2.9,0.0
5243,3.7,0.0
5244,2.7,0.0
5245,3.4,0.0
5246,3.3,0.0
5247,3.6,0.0
5248,1.9,0.0
5249,2.2,0.0
5250,3.6,0.0
5251,2.9,0.0
5252,2.7,0.0
5253,2.8,0.0
5254,3.4,0.0
5255,3.3,0.0
5256,2.7,0.0
5257,2.0,0.0
5258,3.5,0.0
5259,4.0,0.0
5260,3.0,0.0
5261,4.0,0.0
5262,3.1,0.0
5263,2.6,0.0
5264,2.8,0.0
5265,-1.0,0.0
5266,2.6,0.0
5267,2.7,0.0
5268,2.9,0.0
5269,2.8,0.0
5270,3.0,0.0
5271,2.7,0.0
5272,3.2,0.0
5273,2.6,0.0
5274,3.1,0.0
5275,3.6,0.0
5276,2.8,0.0
5277,3.2,0.0
5278,2.7,0.0
5279,2.7,0.0
5280,2.4,0.0
5281,3.0,0.0
5282,2.5,0.0
5283,4.1,0.0
5284,2.7,0.0
5285,3.5,0.0
5286,3.2,0.0
5287,3.2,0.0
5288,3.7,0.0
5289,2.6,0.0
5290,3.3,0.0
5291,2.7,0.0
5292,3.5,0.0
5293,3.7,0.0
5294,3.1,0.0
5295,2.6,0.0
5296,2.6,0.0
5297,2.3,0.0
5298,3.4,0.0
5299,3.6,0.0
5300,4.2,0.0
5301,2.0,0.0
5302,3.2,0.0
5303,4.1,0.0
5304,-0.7,0.0
5305,3.7,0.0
5306,-2.1,0.0
5307,3.4,0.0
5308,3.0,0.0
5309,3.4,0.0
5310,4.3,0.0
5311,-1.3,0.0
5312,3.7,0.0
5313,3.7,0.0
5314,3.3,0.0
5315,2.8,0.0
5316,3.4,0.0
5317,2.2,0.0
5318,3.7,0.0
5319,2.6,0.0
5320,3.1,0.0
5321,3.5,0.0
5322,2.6,0.0
5323,1.4,0.0
5324,2.5,0.0
5325,4.1,0.0
5326,2.4,0.0
5327,1.9,0.0
5328,3.0,0.0
5329,2.8,0.0
5330,2.7,0.0
5331,3.1,0.0
5332,2.8,0.0
5333,3.9,0.0
5334,1.7,0.0
5335,3.6,0.0
5336,2.8,0.0
5337,2.2,0.0
5338,2.6,0.0
5339,2.6,0.0
5340,2.5,0.0
5341,3.1,0.0
5342,-1.7,0.0
5343,-0.9,0.0
5344,2.0,0.0
5345,2.3,0.0
5346,2.4,0.0
5347,3.4,0.0
5348,2.4,0.0
5349,3.6,0.0
5350,1.8,0.0
5351,3.7,0.0
5352,3.0,0.0
5353,3.2,0.0
5354,3.9,0.0
5355,3.8,0.0
5356,1.7,0.0
5357,3.2,0.0
5358,3.1,0.0
5359,3.1,0.0
5360,1.8,0.0
5361,2.7,0.0
5362,3.0,0.0
5363,2.5,0.0
5364,2.3,0.0
5365,3.4,0.0
5366,3.8,0.0
5367,3.5,0.0
5368,2.2,0.0
5369,2.9,0.0
5370,2.7,0.0
5371,1.9,0.0
5372,3.5,0.0
5373,3.1,0.0
5374,2.9,0.0
5375,-1.1,0.0
5376,2.3,0.0
5377,2.4,0.0
5378,3.3,0.0
5379,3.4,0.0
5380,3.6,0.0
5381,1.3,0.0
5382,3.7,0.0
5383,3.8,0.0
5384,2.3,0.0
5385,3.8,0.0
5386,3.0,0.0
5387,2.2,0.0
5388,3.3,0.0
5389,1.9,0.0
5390,3.8,0.0
5391,3.9,0.0
5392,-1.5,0.0
5393,-1.5,0.0
5394,2.0,0.0
5395,2.9,0.0
5396,2.0,0.0
5397,-2.0,0.0
5398,2.3,0.0
5399,2.0,0.0
5400,3.0,0.0
5401,3.2,0.0
5402,4.2,0.0
5403,3.2,0.0
5404,3.4,0.0
5405,2.0,0.0
5406,3.2,0.0
5407,3.6,0.0
5408,3.0,0.0
5409,2.5,0.0
5410,3.3,0.0
5411,3.0,0.0
5412,3.4,0.0
5413,3.3,0.0
5414,2.7,0.0
5415,2.3,0.0
5416,3.8,0.0
5417,3.5,0.0
5418,1.6,0.0
5419,3.1,0.0
5420,-2.4,0.0
5421,2.9,0.0
5422,2.3,0.0
5423,2.9,0.0
5424,2.8,0.0
5425,3.7,0.0
5426,-1.2,0.0
5427,2.7,0.0
5428,2.4,0.0
5429,2.4,0.0
5430,3.6,0.0
5431,2.6,0.0
5432,3.8,0.0
5433,3.1,0.0
5434,3.3,0.0
5435,3.5,0.0
5436,3.1,0.0
5437,1.1,0.0
5438,1.1,0.0
5439,1.9,0.0
5440,2.4,0.0
5441,3.0,0.0
5442,4.0,0.0
5443,4.1,0.0
5444,3.9,0.0
5445,3.5,0.0
5446,2.0,0.0
5447,-1.4,0.0
5448,2.8,0.0
5449,3.7,0.0
5450,4.2,0.0
5451,3.6,0.0
5452,3.6,0.0
5453,1.7,0.0
5454,2.6,0.0
5455,-0.0,0.0
5456,-0.7,0.0
5457,2.6,0.0
5458,3.3,0.0
5459,2.9,0.0
5460,3.1,0.0
5461,3.8,0.0
5462,3.8,0.0
5463,3.8,0.0
5464,-1.7,0.0
5465,3.4,0.0
5466,2.8,0.0
5467,2.8,0.0
5468,3.2,0.0
5469,3.5,0.0
5470,3.5,0.0
5471,3.8,0.0
5472,2.5,0.0
5473,3.2,0.0
5474,3.1,0.0
5475,2.8,0.0
5476,3.2,0.0
5477,2.6,0.0
5478,4.2,0.0
5479,2.1,0.0
5480,3.4,0.0
5481,1.1,0.0
5482,3.3,0.0
5483,3.6,0.0
5484,3.4,0.0
5485,2.9,0.0
5486,3.8,0.0
5487,1.4,0.0
5488,3.7,0.0
5489,2.7,0.0
5490,2.6,0.0
5491,3.2,0.0
5492,3.9,0.0
5493,3.8,0.0
5494,3.0,0.0
5495,3.7,0.0
5496,3.5,0.0
5497,3.9,0.0
5498,-3.6,0.0
5499,-0.6,0.0
5500,0.0,0.0
5501,3.0,0.0
5502,3.1,0.0
5503,3.3,0.0
5504,3.0,0.0
5505,3.2,0.0
5506,2.1,0.0
5507,1.0,0.0
5508,3.5,0.0
5509,3.5,0.0
5510,2.5,0.0
5511,2.4,0.0
5512,1.8,0.0
5513,2.3,0.0
5514,3.3,0.0
5515,3.8,0.0
5516,2.3,0.0
5517,2.5,0.0
5518,4.1,0.0
5519,2.4,0.0
5520,3.8,0.0
5521,3.3,0.0
5522,3.0,0.0
5523,3.4,0.0
5524,1.9,0.0
5525,2.9,0.0
5526,2.5,0.0
5527,3.7,0.0
5528,3.9,0.0
5529,3.1,0.0
5530,3.1,0.0
5531,3.2,0.0
5532,2.6,0.0
5533,3.2,0.0
5534,2.2,0.0
5535,3.2,0.0
5536,3.3,0.0
5537,2.7,0.0
5538,2.6,0.0
5539,2.1,0.0
5540,0.9,0.0
5541,1.4,0.0
5542,1.3,0.0
5543,3.6,0.0
5544,2.8,0.0
5545,1.7,0.0
5546,0.3,0.0
5547,2.3,0.0
5548,2.1,0.0
5549,3.9,0.0
5550,-1.4,0.0
5551,3.3,0.0
5552,2.6,0.0
5553,0.6,0.0
5554,-0.1,0.0
5555,2.3,0.0
5556,1.9,0.0
5557,3.0,0.0
5558,3.4,0.0
5559,1.7,0.0
5560,1.5,0.0
5561,3.1,0.0
5562,-1.0,0.0
5563,2.2,0.0
5564,3.6,0.0
5565,3.7,0.0
5566,4.0,0.0
5567,3.8,0.0
5568,1.9,0.0
5569,2.8,0.0
5570,0.3,0.0
5571,2.6,0.0
5572,2.2,0.0
5573,2.8,0.0
5574,3.0,0.0
5575,2.2,0.0
5576,2.9,0.0
5577,2.2,0.0
5578,3.6,0.0
5579,3.2,0.0
5580,2.5,0.0
5581,3.2,0.0
5582,3.5,0.0
5583,3.8,0.0
5584,2.5,0.0
5585,2.7,0.0
5586,3.6,0.0
5587,4.0,0.0
5588,3.9,0.0
5589,3.1,0.0
5590,1.3,0.0
5591,3.2,0.0
5592,4.1,0.0
5593,3.1,0.0
5594,2.5,0.0
5595,3.6,0.0
5596,2.9,0.0
5597,3.2,0.0
5598,2.4,0.0
5599,1.7,0.0
5600,3.1,0.0
5601,2.9,0.0
5602,2.4,0.0
5603,3.8,0.0
5604,2.5,0.0
5605,1.7,0.0
5606,1.5,0.0
5607,4.0,0.0
5608,0.5,0.0
5609,-1.5,0.0
5610,2.8,0.0
5611,3.2,0.0
5612,2.8,0.0
5613,2.5,0.0
5614,2.1,0.0
5615,4.0,0.0
5616,-2.2,0.0
5617,2.4,0.0
5618,-1.2,0.0
5619,3.3,0.0
5620,2.2,0.0
5621,3.0,0.0
5622,3.0,0.0
5623,3.0,0.0
5624,2.6,0.0
5625,2.2,0.0
5626,-0.6,0.0
5627,2.6,0.0
5628,1.6,0.0
5629,2.8,0.0
5630,2.6,0.0
5631,2.5,0.0
5632,1.7,0.0
5633,1.1,0.0
5634,3.5,0.0
5635,3.9,0.0
5636,-0.2,0.0
5637,0.2,0.0
5638,-0.7,0.0
5639,1.5,0.0
5640,2.5,0.0
5641,3.0,0.0
5642,3.2,0.0
5643,2.0,0.0
5644,1.9,0.0
5645,3.2,0.0
5646,3.5,0.0
5647,3.4,0.0
5648,3.5,0.0
5649,2.4,0.0
5650,4.0,0.0
5651,2.7,0.0
5652,3.5,0.0
5653,2.7,0.0
5654,2.5,0.0
5655,3.1,0.0
5656,3.0,0.0
5657,2.4,0.0
5658,2.3,0.0
5659,2.9,0.0
5660,2.7,0.0
5661,2.7,0.0
5662,3.5,0.0
5663,3.3,0.0
5664,2.7,0.0
5665,3.0,0.0
5666,3.0,0.0
5667,2.7,0.0
5668,3.6,0.0
5669,2.9,0.0
5670,1.8,0.0
5671,2.9,0.0
5672,-0.6,0.0
5673,2.4,0.0
5674,3.0,0.0
5675,3.8,0.0
5676,3.6,0.0
5677,2.3,0.0
5678,2.6,0.0
5679,2.4,0.0
5680,3.4,0.0
5681,2.7,0.0
5682,2.9,0.0
5683,3.1,0.0
5684,2.4,0.0
5685,2.3,0.0
5686,2.4,0.0
5687,2.9,0.0
5688,3.1,0.0
5689,1.6,0.0
5690,2.6,0.0
5691,1.9,0.0
5692,2.1,0.0
5693,2.8,0.0
5694,2.0,0.0
5695,4.1,0.0
5696,3.4,0.0
5697,3.3,0.0
5698,3.1,0.0
5699,2.9,0.0
5700,3.1,0.0
5701,-0.1,0.0
5702,2.9,0.0
5703,2.0,0.0
5704,1.7,0.0
5705,2.6,0.0
5706,3.3,0.0
5707,-0.1,0.0
5708,1.1,0.0
5709,3.8,0.0
5710,1.3,0.0
5711,-2.4,0.0
5712,2.1,0.0
5713,2.6,0.0
5714,2.0,0.0
5715,3.3,0.0
5716,2.6,0.0
5717,3.4,0.0
5718,2.9,0.0
5719,2.7,0.0
5720,2.6,0.0
5721,2.9,0.0
5722,4.2,0.0
5723,2.0,0.0
5724,3.7,0.0
5725,2.5,0.0
5726,2.7,0.0
5727,3.5,0.0
5728,2.7,0.0
5729,3.9,0.0
5730,3.6,0.0
5731,2.9,0.0
5732,1.8,0.0
5733,3.3,0.0
5734,2.9,0.0
5735,4.2,0.0
5736,3.5,0.0
5737,3.3,0.0
5738,2.1,0.0
5739,2.8,0.0
5740,2.0,0.0
5741,4.0,0.0
5742,2.8,0.0
5743,3.3,0.0
5744,3.9,0.0
5745,3.0,0.0
5746,2.7,0.0
5747,3.4,0.0
5748,0.1,0.0
5749,3.4,0.0
5750,3.4,0.0
5751,2.0,0.0
5752,2.7,0.0
5753,2.9,0.0
5754,2.5,0.0
5755,3.0,0.0
5756,2.9,0.0
5757,3.8,0.0
5758,3.2,0.0
5759,2.5,0.0
5760,2.7,0.0
5761,3.6,0.0
5762,3.0,0.0
5763,2.7,0.0
5764,4.1,0.0
5765,3.1,0.0
5766,3.8,0.0
5767,3.3,0.0
5768,3.1,0.0
5769,2.4,0.0
5770,3.6,0.0
5771,3.0,0.0
5772,3.0,0.0
5773,3.3,0.0
5774,2.9,0.0
5775,3.2,0.0
5776,2.0,0.0
5777,3.0,0.0
5778,-1.2,0.0
5779,3.0,0.0
5780,2.9,0.0
5781,3.0,0.0
5782,4.0,0.0
5783,2.3,0.0
5784,3.1,0.0
5785,-1.9,0.0
5786,3.0,0.0
5787,3.5,0.0
5788,3.1,0.0
5789,4.1,0.0
5790,4.1,0.0
5791,3.6,0.0
5792,4.4,0.0
5793,3.0,0.0
5794,2.0,0.0
5795,2.0,0.0
5796,3.8,0.0
5797,3.1,0.0
5798,-2.3,0.0
5799,2.9,0.0
5800,2.7,0.0
5801,3.5,0.0
5802,3.0,0.0
5803,4.4,0.0
5804,-1.1,0.0
5805,-1.1,0.0
5806,4.1,0.0
5807,3.8,0.0
5808,-1.3,0.0
5809,3.1,0.0
5810,3.6,0.0
5811,4.3,0.0
5812,3.4,0.0
5813,3.7,0.0
5814,4.0,0.0
5815,3.2,0.0
5816,3.2,0.0
5817,1.0,0.0
5818,3.4,0.0
5819,3.0,0.0
5820,3.2,0.0
5821,3.0,0.0
5822,-0.4,0.0
5823,0.6,0.0
5824,2.8,0.0
5825,2.6,0.0
5826,2.9,0.0
5827,3.0,0.0
5828,2.4,0.0
5829,3.5,0.0
5830,3.7,0.0
5831,3.0,0.0
5832,3.7,0.0
5833,2.8,0.0
5834,2.5,0.0
5835,2.0,0.0
5836,2.8,0.0
5837,2.7,0.0
5838,1.2,0.0
5839,2.0,0.0
5840,3.8,0.0
5841,1.8,0.0
5842,2.9,0.0
5843,2.3,0.0
5844,3.6,0.0
5845,3.5,0.0
5846,3.3,0.0
5847,2.2,0.0
5848,2.6,0.0
5849,3.1,0.0
5850,2.7,0.0
5851,2.5,0.0
5852,2.9,0.0
5853,3.4,0.0
5854,3.2,0.0
5855,3.1,0.0
5856,2.5,0.0
5857,1.8,0.0
5858,2.2,0.0
5859,2.2,0.0
5860,2.2,0.0
5861,1.2,0.0
5862,-1.5,0.0
5863,3.5,0.0
5864,3.1,0.0
5865,2.8,0.0
5866,2.4,0.0
5867,3.5,0.0
5868,2.4,0.0
5869,2.4,0.0
5870,3.2,0.0
5871,3.7,0.0
5872,3.2,0.0
5873,3.5,0.0
5874,-0.7,0.0
5875,2.8,0.0
5876,3.9,0.0
5877,-0.6,0.0
5878,2.9,0.0
5879,3.2,0.0
5880,1.5,0.0
5881,3.0,0.0
5882,3.5,0.0
5883,3.6,0.0
5884,2.9,0.0
5885,1.5,0.0
5886,3.5,0.0
5887,3.7,0.0
5888,2.8,0.0
5889,3.3,0.0
5890,2.9,0.0
5891,2.0,0.0
5892,2.8,0.0
5893,2.3,0.0
5894,3.3,0.0
5895,4.1,0.0
5896,2.7,0.0
5897,2.3,0.0
5898,3.1,0.0
5899,-1.4,0.0
5900,2.9,0.0
5901,2.4,0.0
5902,1.2,0.0
5903,2.7,0.0
5904,2.2,0.0
5905,3.6,0.0
5906,3.7,0.0
5907,3.7,0.0
5908,3.2,0.0
5909,2.8,0.0
5910,1.8,0.0
5911,3.6,0.0
5912,3.2,0.0
5913,3.8,0.0
5914,3.1,0.0
5915,2.5,0.0
5916,3.0,0.0
5917,3.9,0.0
5918,3.0,0.0
5919,3.2,0.0
5920,3.1,0.0
5921,2.8,0.0
5922,3.3,0.0
5923,2.4,0.0
5924,3.9,0.0
5925,3.2,0.0
5926,3.4,0.0
5927,3.3,0.0
5928,1.7,0.0
5929,2.0,0.0
5930,4.0,0.0
5931,3.3,0.0
5932,3.5,0.0
5933,4.1,0.0
5934,-1.0,0.0
5935,-0.6,0.0
5936,-1.6,0.0
5937,2.8,0.0
5938,1.9,0.0
5939,2.4,0.0
5940,2.3,0.0
5941,3.2,0.0
5942,2.5,0.0
5943,3.5,0.0
5944,-0.1,0.0
5945,0.1,0.0
5946,2.9,0.0
5947,3.4,0.0
5948,3.4,0.0
5949,3.4,0.0
5950,2.9,0.0
5951,3.3,0.0
5952,3.0,0.0
5953,3.2,0.0
5954,2.4,0.0
5955,2.9,0.0
5956,2.4,0.0
5957,3.2,0.0
5958,3.9,0.0
5959,3.0,0.0
5960,3.0,0.0
5961,1.6,0.0
5962,4.0,0.0
5963,2.7,0.0
5964,3.3,0.0
5965,-1.0,0.0
5966,2.8,0.0
5967,3.4,0.0
5968,2.7,0.0
5969,3.2,0.0
5970,3.5,0.0
5971,3.2,0.0
5972,-0.8,0.0
5973,-0.5,0.0
5974,3.2,0.0
5975,2.5,0.0
5976,2.6,0.0
5977,4.0,0.0
5978,3.4,0.0
5979,4.1,0.0
5980,3.6,0.0
5981,2.5,0.0
5982,3.0,0.0
5983,2.7,0.0
5984,1.5,0.0
5985,2.4,0.0
5986,3.1,0.0
5987,2.2,0.0
5988,2.4,0.0
5989,3.2,0.0
5990,2.8,0.0
5991,3.3,0.0
5992,3.9,0.0
5993,2.7,0.0
5994,3.3,0.0
5995,2.1,0.0
5996,3.4,0.0
5997,3.9,0.0
5998,3.5,0.0
5999,3.6,0.0
6000,3.1,0.0
6001,3.6,0.0
6002,3.0,0.0
6003,2.2,0.0
6004,2.0,0.0
6005,3.2,0.0
6006,3.4,0.0
6007,3.4,0.0
6008,3.2,0.0
6009,1.5,0.0
6010,2.3,0.0
6011,2.8,0.0
6012,2.7,0.0
6013,3.4,0.0
6014,3.3,0.0
6015,3.3,0.0
6016,2.9,0.0
6017,3.4,0.0
6018,3.1,0.0
6019,2.5,0.0
6020,1.9,0.0
6021,3.0,0.0
6022,2.8,0.0
6023,2.8,0.0
6024,2.1,0.0
6025,3.7,0.0
6026,3.8,0.0
6027,2.3,0.0
6028,2.2,0.0
6029,3.7,0.0
6030,3.4,0.0
6031,2.3,0.0
6032,3.0,0.0
6033,2.5,0.0
6034,2.4,0.0
6035,3.8,0.0
6036,2.9,0.0
6037,3.1,0.0
6038,3.4,0.0
6039,3.4,0.0
6040,2.5,0.0
6041,3.5,0.0
6042,2.4,0.0
6043,2.5,0.0
6044,2.5,0.0
6045,2.7,0.0
6046,1.9,0.0
6047,2.6,0.0
6048,3.9,0.0
6049,-3.0,0.0
6050,2.9,0.0
6051,1.8,0.0
6052,2.3,0.0
6053,3.2,0.0
6054,2.7,0.0
6055,3.3,0.0
6056,1.9,0.0
6057,1.4,0.0
6058,2.6,0.0
6059,3.0,0.0
6060,2.6,0.0
6061,3.5,0.0
6062,3.5,0.0
6063,3.5,0.0
6064,0.7,0.0
6065,3.6,0.0
6066,-0.4,0.0
6067,3.0,0.0
6068,4.1,0.0
6069,4.1,0.0
6070,-0.9,0.0
6071,3.1,0.0
6072,1.1,0.0
6073,-3.0,0.0
6074,2.9,0.0
6075,-0.8,0.0
6076,-2.9,0.0
6077,2.4,0.0
6078,2.9,0.0
6079,2.2,0.0
6080,2.6,0.0
6081,3.1,0.0
6082,2.3,0.0
6083,3.4,0.0
6084,3.0,0.0
6085,2.3,0.0
6086,2.4,0.0
6087,2.0,0.0
6088,2.9,0.0
6089,3.4,0.0
6090,3.0,0.0
6091,3.4,0.0
6092,3.1,0.0
6093,3.0,0.0
6094,3.3,0.0
6095,-1.8,0.0
6096,2.6,0.0
6097,2.4,0.0
6098,3.8,0.0
6099,2.7,0.0
6100,3.5,0.0
6101,3.1,0.0
6102,2.4,0.0
6103,1.5,0.0
6104,3.7,0.0
6105,-2.2,0.0
6106,2.4,0.0
6107,2.8,0.0
6108,-1.9,0.0
6109,3.0,0.0
6110,2.3,0.0
6111,3.3,0.0
6112,3.0,0.0
6113,3.3,0.0
6114,2.0,0.0
6115,2.8,0.0
6116,2.5,0.0
6117,1.9,0.0
6118,2.2,0.0
6119,3.2,0.0
6120,3.6,0.0
6121,3.1,0.0
6122,3.5,0.0
6123,2.5,0.0
6124,2.2,0.0
6125,2.8,0.0
6126,3.9,0.0
6127,3.7,0.0
6128,3.5,0.0
6129,2.9,0.0
6130,2.8,0.0
6131,2.8,0.0
6132,3.2,0.0
6133,2.8,0.0
6134,3.3,0.0
6135,3.4,0.0
6136,4.1,0.0
6137,2.5,0.0
6138,2.7,0.0
6139,-2.0,0.0
6140,2.7,0.0
6141,2.5,0.0
6142,3.0,0.0
6143,2.9,0.0
6144,1.7,0.0
6145,2.5,0.0
6146,2.9,0.0
6147,2.9,0.0
6148,1.4,0.0
6149,2.9,0.0
6150,3.5,0.0
6151,2.1,0.0
6152,3.3,0.0
6153,4.2,0.0
6154,3.7,0.0
6155,2.4,0.0
6156,3.6,0.0
6157,3.2,0.0
6158,3.8,0.0
6159,3.1,0.0
6160,2.6,0.0
6161,-0.6,0.0
6162,-0.9,0.0
6163,-1.4,0.0
6164,0.4,0.0
6165,2.2,0.0
6166,2.6,0.0
6167,2.5,0.0
6168,1.3,0.0
6169,3.1,0.0
6170,3.4,0.0
6171,2.7,0.0
6172,2.5,0.0
6173,3.6,0.0
6174,3.7,0.0
6175,3.0,0.0
6176,1.6,0.0
6177,3.2,0.0
6178,2.5,0.0
6179,3.4,0.0
6180,2.7,0.0
6181,3.6,0.0
6182,3.5,0.0
6183,3.7,0.0
6184,3.7,0.0
6185,3.3,0.0
6186,3.2,0.0
6187,3.6,0.0
6188,4.2,0.0
6189,3.5,0.0
6190,3.4,0.0
6191,1.2,0.0
6192,3.3,0.0
6193,3.6,0.0
6194,3.9,0.0
6195,2.9,0.0
6196,3.1,0.0
6197,3.2,0.0
6198,2.8,0.0
6199,3.2,0.0
6200,3.2,0.0
6201,2.8,0.0
6202,2.6,0.0
6203,0.6,0.0
6204,2.9,0.0
6205,3.1,0.0
6206,-0.6,0.0
6207,-0.9,0.0
6208,3.3,0.0
6209,-0.6,0.0
6210,2.9,0.0
6211,3.5,0.0
6212,2.4,0.0
6213,3.2,0.0
6214,3.3,0.0
6215,2.7,0.0
6216,3.5,0.0
6217,3.2,0.0
6218,2.7,0.0
6219,3.3,0.0
6220,2.7,0.0
6221,3.4,0.0
6222,3.2,0.0
6223,3.6,0.0
6224,1.6,0.0
6225,2.0,0.0
6226,2.7,0.0
6227,3.7,0.0
6228,2.1,0.0
6229,3.4,0.0
6230,-0.4,0.0
6231,0.1,0.0
6232,2.9,0.0
6233,2.2,0.0
6234,3.5,0.0
6235,3.7,0.0
6236,3.0,0.0
6237,3.3,0.0
6238,1.4,0.0
6239,-1.9,0.0
6240,3.9,0.0
6241,4.1,0.0
6242,-0.5,0.0
6243,0.1,0.0
6244,-1.2,0.0
6245,3.1,0.0
6246,2.5,0.0
6247,3.5,0.0
6248,3.4,0.0
6249,3.3,0.0
6250,3.9,0.0
6251,3.8,0.0
6252,3.3,0.0
6253,-0.7,0.0
6254,4.1,0.0
6255,2.8,0.0
6256,3.1,0.0
6257,3.0,0.0
6258,3.1,0.0
6259,-1.8,0.0
6260,2.7,0.0
6261,3.6,0.0
6262,3.6,0.0
6263,3.2,0.0
6264,3.2,0.0
6265,4.1,0.0
6266,3.4,0.0
6267,3.3,0.0
6268,3.8,0.0
6269,3.3,0.0
6270,2.9,0.0
6271,3.2,0.0
6272,2.3,0.0
6273,3.6,0.0
6274,3.3,0.0
6275,3.3,0.0
6276,2.8,0.0
6277,3.4,0.0
6278,3.2,0.0
6279,3.3,0.0
6280,3.1,0.0
6281,3.1,0.0
6282,2.8,0.0
6283,2.8,0.0
6284,3.1,0.0
6285,3.8,0.0
6286,4.4,0.0
6287,3.1,0.0
6288,2.0,0.0
6289,2.6,0.0
6290,3.8,0.0
6291,2.7,0.0
6292,0.0,0.0
